Timestamp,(0-0),(0-1),(0-2),(0-3),(0-4),(0-5),(0-6),(0-7),(0-8),(0-9),(0-10),(0-11),(0-12),(0-13),(0-14),(0-15),(0-16),(0-17),(0-18),(0-19),(1-0),(1-1),(1-2),(1-3),(1-4),(1-5),(1-6),(1-7),(1-8),(1-9),(1-10),(1-11),(1-12),(1-13),(1-14),(1-15),(1-16),(1-17),(1-18),(1-19),(2-0),(2-1),(2-2),(2-3),(2-4),(2-5),(2-6),(2-7),(2-8),(2-9),(2-10),(2-11),(2-12),(2-13),(2-14),(2-15),(2-16),(2-17),(2-18),(2-19),(3-0),(3-1),(3-2),(3-3),(3-4),(3-5),(3-6),(3-7),(3-8),(3-9),(3-10),(3-11),(3-12),(3-13),(3-14),(3-15),(3-16),(3-17),(3-18),(3-19),(4-0),(4-1),(4-2),(4-3),(4-4),(4-5),(4-6),(4-7),(4-8),(4-9),(4-10),(4-11),(4-12),(4-13),(4-14),(4-15),(4-16),(4-17),(4-18),(4-19),(5-0),(5-1),(5-2),(5-3),(5-4),(5-5),(5-6),(5-7),(5-8),(5-9),(5-10),(5-11),(5-12),(5-13),(5-14),(5-15),(5-16),(5-17),(5-18),(5-19),(6-0),(6-1),(6-2),(6-3),(6-4),(6-5),(6-6),(6-7),(6-8),(6-9),(6-10),(6-11),(6-12),(6-13),(6-14),(6-15),(6-16),(6-17),(6-18),(6-19),(7-0),(7-1),(7-2),(7-3),(7-4),(7-5),(7-6),(7-7),(7-8),(7-9),(7-10),(7-11),(7-12),(7-13),(7-14),(7-15),(7-16),(7-17),(7-18),(7-19),(8-0),(8-1),(8-2),(8-3),(8-4),(8-5),(8-6),(8-7),(8-8),(8-9),(8-10),(8-11),(8-12),(8-13),(8-14),(8-15),(8-16),(8-17),(8-18),(8-19),(9-0),(9-1),(9-2),(9-3),(9-4),(9-5),(9-6),(9-7),(9-8),(9-9),(9-10),(9-11),(9-12),(9-13),(9-14),(9-15),(9-16),(9-17),(9-18),(9-19),(10-0),(10-1),(10-2),(10-3),(10-4),(10-5),(10-6),(10-7),(10-8),(10-9),(10-10),(10-11),(10-12),(10-13),(10-14),(10-15),(10-16),(10-17),(10-18),(10-19),(11-0),(11-1),(11-2),(11-3),(11-4),(11-5),(11-6),(11-7),(11-8),(11-9),(11-10),(11-11),(11-12),(11-13),(11-14),(11-15),(11-16),(11-17),(11-18),(11-19),(12-0),(12-1),(12-2),(12-3),(12-4),(12-5),(12-6),(12-7),(12-8),(12-9),(12-10),(12-11),(12-12),(12-13),(12-14),(12-15),(12-16),(12-17),(12-18),(12-19),(13-0),(13-1),(13-2),(13-3),(13-4),(13-5),(13-6),(13-7),(13-8),(13-9),(13-10),(13-11),(13-12),(13-13),(13-14),(13-15),(13-16),(13-17),(13-18),(13-19),(14-0),(14-1),(14-2),(14-3),(14-4),(14-5),(14-6),(14-7),(14-8),(14-9),(14-10),(14-11),(14-12),(14-13),(14-14),(14-15),(14-16),(14-17),(14-18),(14-19),(15-0),(15-1),(15-2),(15-3),(15-4),(15-5),(15-6),(15-7),(15-8),(15-9),(15-10),(15-11),(15-12),(15-13),(15-14),(15-15),(15-16),(15-17),(15-18),(15-19),(16-0),(16-1),(16-2),(16-3),(16-4),(16-5),(16-6),(16-7),(16-8),(16-9),(16-10),(16-11),(16-12),(16-13),(16-14),(16-15),(16-16),(16-17),(16-18),(16-19),(17-0),(17-1),(17-2),(17-3),(17-4),(17-5),(17-6),(17-7),(17-8),(17-9),(17-10),(17-11),(17-12),(17-13),(17-14),(17-15),(17-16),(17-17),(17-18),(17-19),(18-0),(18-1),(18-2),(18-3),(18-4),(18-5),(18-6),(18-7),(18-8),(18-9),(18-10),(18-11),(18-12),(18-13),(18-14),(18-15),(18-16),(18-17),(18-18),(18-19),(19-0),(19-1),(19-2),(19-3),(19-4),(19-5),(19-6),(19-7),(19-8),(19-9),(19-10),(19-11),(19-12),(19-13),(19-14),(19-15),(19-16),(19-17),(19-18),(19-19)
1712761250.029048,0,62,92,111,179,220,379,198,207,203,155,200,127,98,96,88,85,77,61,56,0,68,123,293,264,265,305,250,272,196,265,197,207,189,134,107,97,87,64,56,0,66,246,273,194,214,326,233,306,215,200,174,160,177,192,143,130,87,64,57,0,65,197,202,217,274,254,297,269,225,282,185,249,191,180,187,151,96,71,65,0,96,284,281,248,239,196,224,211,217,226,228,205,195,216,258,216,119,22,14,0,82,217,275,214,227,235,236,219,234,248,228,244,272,243,230,211,165,72,63,0,94,347,189,222,181,189,187,188,187,190,233,192,200,224,250,218,133,68,73,0,76,111,207,203,216,195,172,165,183,181,215,267,262,264,259,380,218,107,128,0,101,73,76,85,85,90,81,90,82,83,122,171,172,196,163,140,80,59,5,0,132,73,98,79,64,62,64,65,65,66,160,102,88,118,209,313,90,59,4,0,62,91,105,109,147,127,151,153,187,160,198,247,236,238,249,219,299,92,61,2,78,124,146,142,153,137,185,204,201,268,262,276,241,280,303,261,508,316,70,0,104,245,251,202,177,157,224,246,235,212,278,264,242,281,282,219,228,83,7,0,71,213,209,218,227,187,243,203,274,230,294,221,292,270,242,221,207,75,59,0,66,246,204,242,213,166,245,228,222,246,211,240,213,265,195,232,130,71,59,0,65,124,323,231,244,181,216,257,279,249,196,188,254,228,164,148,106,70,4,0,62,98,200,180,222,136,269,197,272,258,216,210,225,151,144,99,90,64,5,0,58,79,98,161,213,187,177,157,259,179,181,150,125,97,86,81,77,59,1,0,56,74,81,88,177,133,165,170,161,140,161,164,131,81,77,75,72,58,1,0,1,1,5,65,88,66,3,57,58,57,5,2,3,2,1,1,1,0,0
1712761250.227469,0,57,88,111,178,220,377,196,206,202,153,198,125,98,95,88,85,78,60,57,0,62,116,292,263,264,303,250,270,194,266,199,202,190,134,107,97,88,64,56,0,62,246,273,195,215,324,234,303,211,199,175,161,177,192,146,131,88,64,58,0,61,202,203,211,270,252,296,271,224,281,184,248,190,181,186,151,99,69,66,0,74,283,281,247,237,197,222,210,216,224,229,204,194,216,255,213,119,16,14,0,77,213,272,213,226,233,237,216,232,245,227,245,271,243,230,210,162,68,64,0,94,341,189,221,183,192,183,191,188,190,233,190,203,222,250,216,137,68,72,0,85,113,209,202,219,194,173,165,184,181,215,263,259,261,257,374,210,109,123,0,104,73,76,80,85,88,82,92,83,83,124,168,177,200,159,146,79,59,5,0,144,75,106,79,65,63,64,64,66,66,161,105,84,119,208,317,86,59,5,0,64,92,107,108,148,126,157,154,189,160,198,246,234,239,247,220,295,83,60,0,77,124,143,141,154,136,183,205,200,269,263,278,237,275,306,260,503,315,71,0,102,242,246,198,173,161,226,247,235,211,287,262,239,280,278,222,227,83,5,0,69,210,204,214,220,185,242,209,274,231,287,225,288,267,240,220,208,75,59,0,64,255,203,241,218,167,242,228,222,247,208,239,213,255,194,227,127,71,57,0,64,127,315,231,244,187,216,248,275,248,199,188,257,226,163,150,105,70,4,0,60,99,200,185,226,137,270,196,269,250,213,210,231,150,144,99,90,64,5,4,57,81,99,159,212,185,176,156,265,185,180,151,122,99,87,83,77,60,2,0,5,73,82,88,176,131,163,170,161,144,160,147,125,80,77,73,70,59,1,0,1,2,56,65,84,61,5,57,58,57,56,57,58,4,1,1,1,0,0
1712761250.4277031,1,5,85,111,178,216,371,194,201,200,164,196,129,100,94,88,85,77,61,56,0,60,116,290,259,261,296,246,263,194,259,198,207,190,134,107,97,88,66,4,0,60,245,274,194,213,320,229,296,208,194,175,157,177,191,146,128,88,66,57,0,59,200,203,209,271,248,298,269,217,277,182,248,190,184,185,145,96,73,64,0,68,287,282,247,233,197,221,211,211,219,226,203,193,216,257,211,120,76,13,2,68,213,271,213,223,239,237,214,229,241,223,248,269,241,229,206,159,72,62,0,82,335,189,220,183,189,183,192,188,188,231,190,198,222,248,218,133,70,7,0,70,110,200,199,219,195,173,165,184,181,211,265,249,258,255,359,204,114,109,0,83,73,77,79,85,87,79,90,83,84,123,176,181,196,162,158,81,60,5,0,143,75,103,79,64,62,64,64,66,66,158,205,83,111,187,317,84,60,4,0,60,92,105,108,153,131,157,157,190,159,193,233,237,227,237,224,285,99,63,0,68,118,140,142,155,137,179,200,213,266,266,276,238,268,307,278,491,286,70,0,96,244,246,200,176,159,226,248,237,208,294,257,240,281,268,211,215,81,5,0,65,205,203,220,222,184,244,208,273,233,279,228,286,267,244,216,202,74,58,0,62,255,203,237,218,170,242,229,222,249,209,239,211,267,202,203,123,70,57,0,60,127,310,230,245,188,216,260,267,250,196,189,255,231,166,146,104,71,4,0,59,100,203,185,227,139,266,197,264,248,221,215,230,153,138,98,88,65,5,0,4,82,99,168,207,181,175,156,264,189,185,154,129,99,88,83,77,60,1,0,4,73,81,88,173,129,170,179,163,145,155,135,119,81,77,73,70,59,1,0,1,4,57,66,83,67,11,58,60,59,59,58,60,5,4,3,2,0,0
1712761250.626206,0,56,87,112,181,224,363,203,202,198,166,200,140,101,97,90,84,74,56,57,0,60,116,289,257,253,291,239,256,194,264,198,208,196,144,111,98,83,59,57,0,60,250,274,193,218,322,229,289,203,194,174,163,183,205,157,124,83,59,59,0,60,202,205,210,264,239,295,261,215,275,182,251,192,198,192,139,88,60,68,0,69,305,283,249,235,200,217,205,209,218,226,205,199,222,285,218,93,9,13,0,72,221,277,213,222,244,233,211,227,236,226,255,280,248,244,212,129,63,66,0,91,347,193,221,192,200,183,190,188,188,235,192,192,220,241,202,115,61,60,0,88,111,187,203,226,203,179,170,193,185,202,259,239,218,240,335,180,83,111,0,76,66,70,75,77,83,77,90,81,79,107,129,132,154,96,109,69,4,2,0,69,68,83,67,60,59,60,60,60,60,63,154,77,80,148,289,76,56,3,0,60,85,99,109,143,136,151,154,207,135,168,179,169,174,150,209,257,104,62,0,64,109,137,151,150,142,185,218,228,285,286,287,242,243,310,291,409,170,62,0,98,224,252,207,179,164,242,252,242,215,283,269,256,289,267,207,174,75,5,0,68,198,210,237,247,194,248,207,276,234,284,228,300,289,264,217,155,68,57,0,62,241,207,242,234,172,245,223,225,249,221,250,225,291,202,196,96,67,56,0,63,131,319,234,237,186,214,275,268,251,207,196,268,257,172,131,87,65,3,0,59,99,197,181,226,140,263,222,254,250,232,226,238,158,114,95,78,59,5,0,57,83,101,161,205,180,179,153,266,196,176,158,140,95,88,81,69,3,0,0,4,72,81,85,166,124,166,174,165,138,148,135,99,79,76,72,63,1,0,0,1,5,58,60,81,68,16,59,59,58,58,59,62,5,3,3,0,0,0
1712761250.809841,0,0,84,111,176,215,352,195,199,187,158,174,107,94,88,83,68,2,0,17,0,56,116,294,262,249,298,244,264,211,271,204,218,200,116,101,75,4,0,12,0,56,204,281,198,214,321,231,291,208,198,178,172,215,218,124,80,4,0,14,0,59,213,220,222,263,215,299,267,220,280,192,294,231,239,191,85,57,0,25,0,62,388,318,278,243,216,224,209,209,231,244,244,218,276,261,133,57,0,11,0,63,288,316,244,251,252,246,216,235,244,239,309,339,274,281,133,59,0,23,0,79,333,205,213,196,205,193,191,192,199,243,203,198,195,213,175,61,0,28,0,61,94,135,147,215,210,187,175,211,186,160,227,164,134,127,125,68,0,19,0,62,60,62,66,68,83,83,94,82,76,93,88,83,88,87,63,3,0,1,0,120,73,65,61,4,56,59,57,5,56,60,83,59,65,111,74,59,0,4,0,2,73,80,100,112,127,135,163,218,147,151,145,133,143,93,77,75,0,15,0,58,105,135,128,190,159,217,251,267,352,339,261,184,205,222,101,88,0,23,0,90,228,272,236,222,198,287,277,272,231,287,284,261,228,237,84,66,0,6,0,64,194,240,352,355,243,283,228,293,244,300,235,268,294,188,68,63,0,17,0,59,183,260,288,276,215,272,239,240,270,241,262,233,309,172,66,61,0,15,0,59,116,306,231,222,209,228,315,298,276,235,211,283,256,140,62,0,0,5,0,5,97,197,190,233,145,275,236,263,268,241,268,207,136,95,57,0,0,12,0,2,80,94,155,190,174,175,155,268,184,148,113,102,85,72,2,0,0,1,0,1,66,72,75,117,103,140,164,133,122,98,83,73,68,62,0,0,0,0,0,0,1,0,2,6,2,0,0,0,0,0,0,0,0,0,0,0,0,0
1712761250.979622,0,2,62,74,128,196,302,218,138,88,69,61,60,64,4,0,19,0,0,81,0,59,105,367,348,304,359,272,215,244,99,75,68,63,0,0,2,0,0,3,0,59,220,342,256,211,365,261,363,278,248,116,75,66,1,0,0,0,0,2,0,58,326,172,250,383,187,272,333,233,374,248,107,83,2,0,8,0,0,61,0,70,681,412,345,311,242,289,257,361,402,411,252,103,0,0,3,0,0,5,0,74,492,544,301,350,341,302,347,320,456,421,155,82,0,0,0,0,0,59,0,64,145,175,257,209,210,243,235,247,175,138,74,66,0,0,3,0,0,1,0,59,83,159,183,215,273,250,140,292,139,195,183,68,0,1,5,0,0,103,0,2,2,5,57,2,57,70,76,64,3,1,0,0,0,0,0,0,0,0,0,0,0,1,1,0,3,3,58,60,71,67,64,66,0,0,1,0,0,57,0,0,59,60,75,153,140,164,119,116,66,57,3,0,0,0,0,0,0,0,0,5,66,90,103,209,158,289,141,230,142,103,72,64,3,18,7,0,0,64,0,64,98,237,243,330,228,341,194,285,160,131,83,72,1,0,0,0,0,69,0,61,210,332,415,436,201,241,166,299,343,302,221,77,0,2,4,0,0,76,0,65,396,344,348,320,265,299,216,203,223,163,129,77,0,0,0,0,1,69,0,58,101,313,309,269,169,371,298,384,232,301,84,62,0,0,0,0,0,3,0,3,75,139,216,247,166,309,308,404,141,80,60,3,0,1,0,0,0,56,0,3,63,80,183,161,157,156,237,174,77,59,61,5,0,1,0,0,0,0,0,0,1,4,57,6,96,97,100,68,59,2,3,0,0,1,0,0,0,0,0,0,0,0,0,0,0,0,2,4,64,57,3,0,0,0,0,0,0,0
1712761251.1558158,0,0,0,1,0,0,1,1,4,0,4,0,4,1,0,0,14,17,3,135,0,2,66,114,122,107,82,65,56,0,0,0,0,0,0,0,0,0,0,0,1,11,268,397,220,177,156,96,59,0,0,1,1,0,0,0,0,0,0,0,1,11,410,524,366,261,153,176,63,0,20,6,0,0,0,0,0,0,0,1,3,60,1291,564,510,307,183,120,58,0,0,6,0,0,0,0,2,4,0,1,3,8,198,552,189,303,115,84,57,5,0,1,0,0,0,3,0,0,0,2,3,17,79,156,137,122,88,140,64,0,0,0,0,0,0,0,0,0,0,1,0,0,0,4,3,79,61,64,60,0,0,0,0,0,0,1,7,7,0,66,0,0,0,0,56,5,4,58,57,0,0,0,2,0,0,0,7,7,0,66,1,0,0,0,1,0,0,1,0,0,0,0,0,0,0,0,0,0,0,0,1,0,1,5,56,5,0,0,0,0,0,0,0,0,0,0,0,0,0,0,0,0,0,0,0,56,62,66,59,0,0,0,0,0,0,0,0,0,0,1,0,0,57,56,73,116,85,108,85,0,0,0,0,0,0,0,6,2,0,5,1,0,59,64,109,168,75,99,57,1,0,0,0,0,0,0,2,1,0,57,56,0,186,438,253,352,57,58,62,0,0,0,0,0,0,0,5,3,0,59,43,0,80,454,227,244,57,4,0,0,0,0,0,0,0,0,3,0,0,7,0,0,0,0,0,62,0,2,0,0,2,0,0,0,0,0,6,0,0,57,0,0,0,0,0,0,0,0,0,0,0,0,0,0,0,0,0,0,0,0,0,0,5,0,0,0,0,0,0,0,0,0,0,1,0,0,0,0,0,0,0,0,0,0,0,0,0,0,0,0,0,0,0,0,0,0,0,0,0,0
1712761251.331179,1,0,0,0,0,5,0,0,0,0,0,1,0,0,0,0,0,0,0,59,0,0,0,0,0,0,0,0,0,0,0,0,0,0,0,0,0,0,0,0,0,0,0,0,0,0,0,0,0,0,0,0,0,0,0,0,0,0,0,0,10,1,0,4,2,5,0,0,0,0,0,0,0,0,0,0,0,0,0,68,18,0,0,9,1,2,0,0,1,0,0,11,0,0,0,0,0,0,0,109,0,8,0,0,0,0,0,0,0,0,0,0,0,0,0,0,0,0,0,0,10,0,1,34,5,0,0,0,0,0,0,0,0,0,0,0,0,0,0,62,3,0,0,1,0,0,0,0,0,6,0,0,0,0,0,0,0,0,0,58,0,0,0,0,0,0,0,1,0,0,0,0,0,0,0,0,0,0,0,0,0,0,0,0,0,0,0,0,0,0,0,0,0,0,0,0,0,0,0,0,0,0,0,0,0,0,0,0,0,0,0,0,0,0,0,0,0,0,0,0,0,0,0,1,0,0,0,0,0,0,0,0,0,0,0,0,0,0,0,0,0,0,0,0,0,0,0,0,0,0,0,0,0,0,0,0,0,2,0,0,0,0,0,0,0,0,0,0,0,0,0,0,0,0,0,0,0,0,0,0,0,0,0,0,0,0,0,0,0,0,0,0,0,0,0,0,0,0,0,1,0,0,0,0,0,0,0,0,0,0,0,0,0,0,0,0,0,0,0,0,0,0,0,0,0,0,0,0,0,0,0,0,0,0,0,0,0,0,0,0,0,0,0,0,0,0,0,0,0,0,0,0,0,0,0,1,0,0,0,0,8,0,0,0,5,24,0,0,0,1,0,0,0,0,0,0,0,0,0,65,0,0,1,0,2,0,0,0,0,0,0,0,0,0,0,0,0,0,0,0
1712761251.490179,9,0,0,0,9,32,0,0,0,0,0,16,0,0,0,0,0,0,0,51,0,0,0,0,0,0,0,0,0,0,0,0,0,3,0,0,0,0,0,0,0,0,0,0,0,0,0,0,0,0,0,0,0,0,0,0,0,0,0,0,0,0,1,0,0,0,0,0,0,0,0,0,0,0,0,0,0,0,0,0,1,0,6,0,6,23,0,0,0,0,0,34,0,0,0,0,0,0,0,80,1,0,0,0,0,0,0,0,0,0,0,0,0,0,0,0,0,0,0,1,8,0,17,0,5,30,0,0,0,0,0,0,0,0,0,0,0,0,0,5,0,0,0,0,0,0,0,0,0,0,0,0,0,0,0,0,0,0,0,0,0,0,0,0,0,0,0,0,0,0,0,0,0,0,0,0,0,0,0,0,0,0,0,0,0,5,0,1,0,0,0,0,0,0,0,0,0,0,0,1,0,0,0,15,0,0,0,0,0,0,0,0,0,0,0,0,0,0,0,0,0,1,1,0,0,0,0,0,0,0,0,0,0,0,0,0,0,0,0,0,0,0,0,0,0,0,0,0,0,0,0,0,0,0,0,0,0,0,0,0,0,0,0,0,0,0,0,0,0,0,0,0,0,0,0,0,0,0,0,0,0,0,0,0,0,0,0,0,0,0,0,0,0,0,0,0,0,0,6,0,0,0,0,0,0,0,0,0,0,3,0,0,0,0,0,0,0,0,0,0,12,0,0,0,0,0,0,0,0,0,0,0,0,0,0,0,0,0,0,0,0,0,0,0,0,0,0,0,0,0,0,0,1,0,0,0,0,0,0,0,2,0,7,0,4,29,0,0,0,0,0,0,0,0,0,0,0,3,0,28,0,0,0,0,0,0,0,0,0,1,0,0,0,0,0,0,0,0,0,0
1712761251.666538,0,0,1,0,0,0,0,14,0,0,0,0,0,0,0,0,0,0,0,77,0,0,0,0,6,0,0,0,0,0,0,0,0,0,0,0,0,0,0,0,0,0,0,0,0,0,0,0,0,0,0,0,0,0,0,0,0,0,0,0,0,0,1,0,1,0,0,5,0,0,0,0,0,0,0,3,0,0,0,83,4,0,9,2,9,0,0,21,0,0,0,0,0,0,0,0,0,1,1,123,0,0,0,0,0,0,0,0,0,0,0,1,0,1,0,0,0,0,0,0,8,0,22,0,7,0,0,9,0,0,0,0,0,0,0,0,0,0,0,4,0,0,0,2,0,0,0,0,0,0,0,0,0,0,0,0,0,0,0,0,0,0,0,2,0,0,0,0,0,0,0,0,0,0,0,0,0,0,0,0,0,0,3,0,2,2,0,2,0,0,1,0,0,0,0,0,0,0,0,3,0,0,0,0,0,0,1,2,0,0,1,0,0,0,0,0,0,0,0,2,0,0,7,0,0,0,0,0,0,0,0,0,0,0,0,0,0,0,0,0,0,0,0,0,0,0,0,0,0,0,0,0,0,0,0,0,0,0,0,0,0,0,0,0,0,0,0,0,0,0,11,0,0,0,0,0,0,0,0,0,0,0,0,0,0,0,0,0,0,0,0,0,0,0,0,0,0,0,0,0,0,0,0,0,0,0,0,0,0,0,0,0,0,0,0,0,0,0,0,0,0,0,0,0,0,0,0,0,0,0,0,0,0,0,0,2,0,0,0,0,0,0,4,0,0,0,1,0,0,0,0,0,0,0,0,0,0,0,0,0,8,0,4,0,7,0,0,11,0,0,0,0,0,0,0,0,0,0,0,68,0,0,0,0,0,0,0,0,2,0,0,0,0,0,0,0,0,0,0,0
1712761251.8343801,19,0,0,0,3,0,0,17,0,4,3,0,0,0,0,4,0,0,0,75,0,0,0,0,0,0,0,0,0,0,0,0,2,0,0,0,0,0,0,0,0,0,0,0,0,0,0,0,0,0,0,0,0,0,0,0,0,0,0,0,2,0,0,0,0,0,0,4,0,0,0,3,0,0,0,7,0,0,0,79,6,0,0,0,5,0,0,22,0,0,0,0,0,0,0,22,0,0,1,116,1,0,0,0,0,0,0,1,0,0,0,0,0,0,0,3,0,0,0,68,21,0,1,0,4,0,0,9,0,0,0,0,0,0,2,0,1,0,0,5,0,0,0,0,0,0,0,0,0,0,0,0,0,0,0,0,0,0,0,0,0,4,0,0,0,0,0,0,0,0,0,0,0,5,0,0,0,0,0,0,0,0,0,0,0,0,0,0,0,0,0,0,0,0,0,0,0,0,0,0,0,0,0,0,0,0,0,0,0,0,0,0,0,0,0,1,0,0,0,0,0,0,0,0,0,0,0,0,0,0,0,0,0,0,0,0,0,0,0,0,0,0,0,0,0,0,0,0,0,0,0,0,0,0,0,2,5,0,0,0,0,0,0,0,2,0,0,0,0,0,0,0,0,0,0,0,0,0,0,0,0,0,0,7,2,0,0,0,0,0,0,0,4,0,0,0,0,0,0,0,0,0,0,0,0,0,0,0,4,0,0,0,0,0,0,0,0,0,0,0,0,11,0,0,0,0,3,0,0,0,0,0,0,0,0,0,0,0,0,0,0,0,0,0,0,0,0,0,0,0,0,0,0,0,0,0,0,0,0,0,11,0,0,0,4,0,0,8,0,0,0,0,0,0,0,2,0,0,0,64,0,0,0,0,0,0,0,0,0,0,0,0,0,0,0,0,0,0,0,0
1712761252.015679,33,1,14,0,4,0,0,24,0,0,0,7,0,0,0,6,0,0,0,75,0,0,1,0,0,0,0,0,0,0,0,0,0,0,0,0,0,0,3,0,0,0,0,0,0,0,0,0,0,2,0,0,0,0,0,0,0,0,0,0,1,0,0,0,0,0,0,2,0,0,2,2,0,0,0,3,0,0,0,69,5,0,1,14,0,0,0,22,0,0,0,22,0,0,0,27,0,0,2,132,0,0,0,0,1,0,0,0,0,0,0,0,0,0,0,0,0,0,0,59,17,0,8,21,0,5,0,6,0,0,0,1,0,0,0,0,0,0,0,1,0,0,0,0,0,0,0,0,0,0,0,0,0,0,0,0,0,0,0,0,0,0,0,0,0,0,0,0,0,0,0,0,0,0,0,0,0,0,0,0,0,0,0,0,0,0,0,3,0,0,0,0,0,0,0,0,0,0,0,0,0,0,0,0,0,0,0,0,0,0,0,0,0,0,0,0,0,0,0,0,0,0,0,0,0,0,0,1,0,0,0,0,0,0,0,0,0,0,0,0,0,0,0,1,0,2,0,1,0,0,0,0,0,0,0,1,0,0,0,0,0,0,0,0,0,0,0,0,0,2,0,0,0,0,0,0,0,0,0,0,0,0,0,0,0,0,0,0,0,0,0,0,0,0,0,0,0,0,0,2,0,0,0,0,1,0,0,0,0,0,0,0,0,0,0,0,0,0,0,0,0,0,0,0,2,0,0,0,0,0,0,0,0,0,0,0,0,0,0,0,1,0,0,0,0,0,0,0,0,0,0,0,0,0,6,0,0,0,0,0,3,0,1,12,0,16,0,5,0,0,0,4,0,0,0,0,0,0,0,8,0,0,0,0,0,1,0,0,0,0,0,0,0,0,0,0,0,0,0,0
1712761252.1850271,42,0,14,0,6,0,0,26,0,0,0,7,0,0,0,6,0,0,0,35,0,0,0,2,0,0,0,0,0,0,0,7,0,0,0,0,0,0,0,0,0,0,0,0,0,0,0,12,0,0,0,0,0,0,0,0,0,0,0,0,0,0,0,0,0,0,0,0,0,0,0,0,0,0,0,0,0,0,0,0,14,0,2,9,5,0,0,26,0,0,0,25,0,0,0,30,0,0,5,65,0,0,0,0,0,3,0,0,0,0,0,0,0,0,0,0,0,0,0,1,20,0,2,12,3,0,0,7,0,0,0,1,0,0,0,0,0,0,0,1,0,0,0,0,0,0,0,0,0,0,0,0,0,0,0,0,0,0,0,0,0,0,0,0,0,0,0,0,0,0,0,0,0,0,0,0,0,0,0,1,0,0,0,0,0,0,0,3,0,0,0,0,0,0,0,0,0,0,0,0,0,0,0,0,0,0,0,0,0,0,0,0,0,0,0,0,0,0,0,1,0,0,0,0,0,0,0,0,0,0,0,0,0,0,0,0,0,0,0,0,1,0,0,1,0,0,0,1,0,0,0,0,0,0,0,0,0,0,0,0,0,0,0,0,0,0,0,0,0,0,0,0,0,0,0,2,0,0,0,0,0,0,0,0,0,0,0,0,0,0,0,0,0,0,0,0,0,0,0,0,0,0,0,0,0,0,0,0,0,0,0,0,0,0,0,0,0,0,0,0,0,0,0,0,0,0,0,0,0,0,0,0,0,0,0,0,2,0,0,0,0,0,0,0,0,0,0,0,0,0,0,0,0,0,0,0,0,0,0,0,2,0,0,0,0,0,0,2,0,0,0,2,0,0,0,0,0,0,0,1,0,0,0,0,0,1,0,0,0,0,0,0,0,0,0,0,0,0,0,0
1712761252.366286,39,0,12,1,5,0,0,26,0,0,0,0,0,0,0,5,0,0,7,26,0,0,0,0,0,0,0,0,0,0,6,0,0,0,0,0,0,0,0,0,0,0,0,0,0,0,0,0,3,0,0,0,0,0,0,0,0,0,0,0,0,0,0,0,0,0,0,2,0,2,0,0,0,0,0,0,0,0,0,0,21,1,3,0,5,0,0,28,0,0,0,0,0,0,0,27,7,0,55,90,0,1,0,0,0,0,0,0,0,0,0,0,0,0,0,4,0,0,4,17,24,0,6,0,5,0,0,9,0,0,0,0,0,0,0,0,0,0,0,3,0,0,3,0,0,0,0,0,0,0,0,0,0,0,0,0,0,0,0,0,1,0,0,2,0,0,0,0,0,0,0,0,0,0,0,6,0,0,0,0,5,0,0,0,1,0,0,2,0,0,0,0,0,0,0,0,0,0,0,0,0,0,7,0,0,0,0,0,0,0,0,0,0,0,0,0,0,0,0,0,0,0,0,0,0,0,0,0,0,0,0,0,0,0,0,0,0,0,0,0,1,0,0,0,0,0,0,1,0,0,0,0,0,0,0,0,0,0,0,0,0,0,0,0,0,0,0,0,0,0,0,0,0,0,0,0,6,0,0,0,0,0,1,0,0,0,0,0,0,0,0,0,0,0,0,0,0,0,0,0,0,0,0,2,0,0,0,0,0,0,0,0,0,0,0,0,0,0,0,0,0,0,0,0,0,0,0,0,0,0,0,0,0,0,0,0,0,0,0,0,0,0,0,0,0,0,1,0,0,0,0,0,0,0,0,0,0,0,0,0,2,3,0,0,0,0,0,0,0,0,0,0,0,0,0,0,0,0,0,0,0,0,0,0,0,0,0,0,0,0,0,0,0,0,0,0,0,1,0,0
1712761252.542228,39,0,0,18,1,0,0,28,0,0,0,0,0,0,0,5,0,0,8,18,0,0,0,1,0,0,0,0,0,0,0,0,0,0,0,0,0,0,1,2,0,0,0,0,0,0,0,0,0,0,0,1,0,0,0,0,0,0,0,0,0,0,0,0,0,0,1,0,0,0,0,0,0,0,0,2,0,0,0,0,16,0,0,15,2,0,0,35,0,0,0,0,0,0,0,29,8,0,45,85,0,0,0,0,0,0,0,0,1,0,0,4,4,2,0,0,0,0,0,0,23,12,0,19,2,0,0,7,0,0,0,0,0,0,0,0,0,0,0,2,0,3,0,3,0,0,0,0,0,0,0,0,0,0,0,2,0,0,0,1,7,0,0,1,0,0,0,0,0,0,0,0,0,0,0,0,0,0,0,0,2,0,0,1,0,0,0,1,0,0,0,0,0,0,0,0,0,0,0,0,4,0,0,0,0,0,0,0,0,0,0,0,0,0,0,5,0,0,0,0,0,0,0,0,0,0,0,4,0,0,0,0,0,0,1,0,0,0,0,0,1,0,0,0,0,0,0,1,0,0,0,0,0,0,0,0,0,0,0,0,0,0,0,0,0,0,0,0,0,0,0,0,0,0,0,0,0,0,5,0,0,0,0,0,0,0,0,0,0,0,0,0,0,0,0,0,0,0,0,0,0,0,0,0,0,0,0,0,0,0,0,0,0,0,0,0,0,0,0,0,0,0,0,0,0,0,0,0,0,0,0,0,0,0,0,0,0,0,0,0,0,0,0,1,0,0,0,0,0,0,0,0,0,0,0,0,0,0,0,0,13,0,0,2,2,0,0,7,0,0,0,0,0,0,0,1,0,0,0,6,0,0,1,0,0,0,0,0,0,0,0,0,0,0,0,1,0,0,0,0
1712761252.722653,49,0,0,0,4,0,0,29,0,0,0,0,0,0,0,0,0,0,12,72,0,0,0,0,0,0,0,0,0,0,0,0,0,0,0,0,1,0,0,5,0,0,0,0,0,0,0,0,0,0,0,0,0,0,0,0,0,0,0,1,0,0,0,0,1,0,0,0,0,0,0,0,0,0,0,2,0,0,0,0,24,0,0,0,11,0,0,32,0,0,0,4,0,0,0,0,0,0,49,143,0,0,0,0,3,0,0,0,0,0,0,0,0,0,0,0,0,0,0,0,0,0,0,0,0,0,0,0,0,0,0,0,0,0,0,0,0,0,0,0,0,0,0,0,0,0,0,0,0,0,3,0,1,0,0,0,0,0,0,0,0,0,0,0,1,0,0,1,0,0,0,0,0,0,0,0,0,0,0,0,0,0,0,0,0,0,0,1,0,0,0,0,0,0,0,0,0,0,0,0,0,0,0,0,0,0,0,0,0,0,1,0,0,0,0,0,0,0,0,0,0,0,0,0,0,0,0,0,0,0,0,0,0,0,0,0,0,0,0,0,0,0,0,0,0,0,0,0,0,0,0,0,0,0,0,0,0,0,0,0,0,0,0,0,5,0,0,0,0,0,0,0,0,0,0,0,0,0,0,0,0,0,0,0,0,0,0,0,0,0,0,0,0,0,0,0,0,0,0,0,0,0,0,0,0,0,0,0,0,0,0,0,0,0,0,0,0,0,0,0,0,0,0,0,0,0,0,0,0,0,0,0,0,0,0,0,0,0,0,0,0,0,0,0,0,0,0,0,0,0,0,0,0,0,0,0,0,0,0,0,10,0,0,0,0,0,0,4,0,0,0,0,0,0,0,0,0,0,0,5,0,0,0,0,0,0,0,0,0,0,0,0,0,0,0,0,0,0,0,0
1712761252.901113,46,0,0,0,25,0,0,28,0,0,0,0,0,0,0,0,0,0,7,76,0,0,0,0,0,0,0,0,0,0,0,0,0,0,0,0,0,0,0,5,0,0,2,0,0,0,0,0,0,0,0,0,0,0,0,0,0,0,0,0,0,0,0,0,0,0,1,0,0,0,0,0,0,0,0,0,0,0,0,0,16,0,0,4,19,0,0,27,0,3,0,7,0,0,0,0,0,3,17,152,0,0,4,1,1,0,0,0,0,0,0,0,1,0,0,0,0,0,0,0,0,0,0,0,10,0,2,0,0,0,0,0,0,0,0,0,0,0,0,0,0,0,2,0,0,1,0,0,0,0,0,0,0,0,0,0,0,0,0,0,0,0,0,0,0,0,0,0,0,0,0,0,0,0,0,0,0,0,0,0,1,0,0,0,2,0,0,2,0,0,0,0,0,0,0,0,0,0,0,0,2,1,0,0,0,0,0,0,0,0,0,2,0,0,0,0,0,0,0,0,0,0,0,0,0,0,0,0,0,0,0,0,0,0,0,0,0,0,0,0,0,0,0,0,0,0,0,0,0,0,0,0,0,0,0,0,0,0,0,0,0,0,0,0,0,0,0,0,0,0,0,0,0,0,0,0,0,0,0,0,0,0,0,0,0,0,0,0,0,0,0,0,1,0,0,0,0,0,0,0,0,0,0,0,0,0,0,0,0,0,0,0,0,0,0,0,0,5,0,0,0,0,0,0,3,0,0,0,0,0,0,0,0,0,0,0,0,0,0,0,0,0,0,0,1,0,0,0,0,0,0,0,0,0,0,0,0,0,0,0,12,0,0,0,21,0,0,7,0,0,4,0,0,0,0,0,0,0,0,63,0,0,0,0,0,0,0,0,0,0,0,0,0,0,0,0,0,0,0,0
1712761253.0711098,2,0,0,0,2,0,0,3,0,0,0,0,0,0,0,0,0,0,8,72,0,0,0,0,0,0,0,2,0,0,0,0,0,0,0,0,0,0,1,58,0,0,0,0,0,0,0,0,0,0,0,0,4,1,1,0,0,0,0,1,0,0,0,0,0,0,0,0,0,0,0,0,0,0,0,0,0,0,0,0,14,0,2,0,20,0,0,26,0,0,0,5,0,0,0,0,0,3,39,164,0,0,0,0,0,0,0,0,0,0,2,0,0,0,4,0,0,0,0,0,0,0,0,0,0,0,0,0,0,0,0,0,0,0,0,0,0,0,0,0,0,0,0,0,0,0,0,0,0,0,0,0,0,0,0,0,0,0,0,0,1,0,0,0,2,0,0,2,0,0,0,0,0,0,0,0,0,0,0,1,0,0,0,0,1,18,0,0,0,0,0,0,0,0,0,0,0,0,0,0,0,0,0,0,0,0,0,0,0,0,0,0,0,0,0,0,0,0,0,0,0,0,0,0,0,0,0,0,0,0,0,0,0,0,0,0,0,0,0,0,0,0,0,0,0,0,0,0,0,0,0,0,0,0,0,0,0,0,0,0,0,0,0,0,0,0,0,0,0,0,0,0,0,0,0,0,0,0,0,0,0,0,0,0,0,0,0,0,0,1,0,0,0,0,0,0,0,0,0,0,0,0,0,0,0,0,0,0,0,0,0,0,0,0,0,0,0,0,0,0,0,0,0,0,0,0,0,0,0,0,0,0,0,0,0,0,0,0,0,0,0,0,1,0,0,0,0,0,0,0,0,0,0,0,0,0,0,0,0,0,4,0,0,1,10,0,0,5,2,0,0,0,0,0,0,0,0,0,0,7,0,0,0,0,0,0,0,0,0,0,0,0,0,0,0,0,0,0,0,0
1712761253.250936,2,0,3,0,2,0,0,2,0,0,0,0,0,0,0,0,0,0,10,70,13,0,0,0,1,0,0,2,0,2,0,0,0,0,0,0,0,0,3,60,0,0,0,0,0,0,0,0,0,0,0,0,0,0,0,0,0,0,0,0,0,0,0,0,0,0,0,0,0,1,0,1,0,0,0,0,0,0,0,0,16,0,0,0,19,0,0,26,0,0,0,4,0,0,0,0,0,0,41,159,0,0,0,0,0,0,0,0,0,0,0,0,0,0,0,0,0,0,0,0,0,0,0,0,0,2,0,0,0,0,0,0,0,0,0,1,0,3,0,0,0,0,0,0,0,0,0,0,0,0,0,0,0,0,0,0,0,0,0,0,1,0,0,0,0,0,0,0,2,0,0,0,0,0,0,0,0,0,0,1,0,0,0,0,0,0,0,0,0,0,0,0,0,0,0,0,0,0,0,0,0,0,0,2,0,0,0,0,3,0,0,0,0,0,0,0,0,0,0,0,0,0,0,0,0,0,0,0,0,0,0,0,0,0,2,0,0,0,0,0,0,0,0,0,0,0,0,0,0,0,0,0,0,0,0,0,0,0,0,0,0,0,0,0,0,0,0,0,0,0,0,0,0,0,0,0,0,0,0,0,0,0,0,0,0,0,0,0,0,0,0,0,0,0,0,0,0,0,0,0,0,2,0,0,0,0,0,0,0,0,0,0,0,0,0,0,0,0,0,0,0,0,0,0,0,0,0,0,1,0,0,0,0,0,0,0,0,0,0,0,0,0,0,0,0,0,0,0,0,0,0,0,0,0,0,0,0,0,0,0,0,0,0,0,1,0,0,0,0,0,0,0,0,0,0,0,0,0,0,0,0,0,0,0,4,0,0,0,0,0,0,0,0,1,0,0,0,0,0,0
1712761253.421298,1,0,0,0,2,0,0,2,0,0,0,0,0,0,1,2,0,0,6,66,0,0,0,0,0,0,0,0,0,0,0,0,0,0,0,1,0,0,5,62,0,0,0,0,0,0,0,0,0,0,0,0,0,0,1,0,0,0,0,0,0,0,0,0,0,0,0,0,0,0,0,0,0,0,0,0,0,0,0,0,13,0,0,0,17,3,0,22,0,0,0,4,0,0,0,19,0,0,22,157,0,0,0,0,0,0,0,0,0,0,0,0,0,0,2,0,0,0,0,0,25,0,0,0,18,2,0,8,0,0,0,0,0,0,0,0,0,0,0,3,0,0,0,3,0,0,0,0,0,0,0,0,0,0,0,0,0,0,0,0,0,0,0,6,2,0,0,1,0,0,0,0,0,0,0,0,0,0,0,1,0,0,0,0,0,0,0,0,0,5,0,0,0,0,0,0,0,0,0,0,0,0,1,0,0,0,17,0,0,0,0,0,0,0,0,1,0,0,0,0,0,0,0,0,0,0,0,0,0,0,1,0,0,0,0,0,0,0,0,0,0,0,0,0,0,0,0,0,0,0,0,0,0,0,0,0,0,0,0,1,0,0,0,0,0,0,0,0,0,0,0,0,0,0,0,0,0,0,0,0,0,0,0,0,0,0,0,0,0,0,0,0,0,0,0,0,0,0,0,0,0,9,0,0,0,0,0,0,0,0,0,0,0,0,0,0,1,0,0,0,0,0,0,2,0,0,0,0,0,1,0,0,0,0,0,0,0,0,0,1,0,0,0,0,0,0,0,0,0,0,0,0,0,0,0,0,0,0,0,0,0,0,0,0,0,0,0,0,0,0,0,0,0,0,0,0,0,0,0,0,0,0,0,0,0,0,4,0,0,0,0,0,0,0,0,0,0,0,0,0
1712761253.591325,0,0,0,0,0,0,0,2,0,0,0,0,0,0,0,1,0,0,6,64,0,0,0,0,0,0,0,0,0,0,0,1,0,0,0,1,0,0,5,62,0,0,0,0,0,1,0,0,0,0,0,0,0,0,0,0,0,0,0,0,0,0,0,0,0,0,0,0,0,0,0,0,0,0,0,0,0,0,0,0,13,0,0,0,18,0,0,24,2,0,0,6,0,0,0,15,0,0,39,158,1,0,0,0,0,0,0,0,0,0,2,1,0,0,0,1,0,0,0,0,27,0,1,0,20,0,0,0,0,0,0,0,0,0,0,1,0,0,0,3,0,0,1,0,0,0,0,0,0,0,0,0,0,0,0,0,0,0,0,0,3,0,0,0,3,0,0,3,0,0,0,0,0,0,0,0,0,0,0,1,0,0,0,1,0,0,0,0,0,0,0,0,0,0,0,0,0,0,0,0,0,0,0,0,0,0,0,0,0,0,0,0,0,0,2,0,0,0,0,0,0,0,1,2,0,2,5,0,0,0,0,0,0,0,0,0,0,0,0,0,0,0,0,0,0,1,0,0,0,0,0,0,0,0,0,0,0,0,0,0,0,0,0,0,0,0,0,0,0,0,0,0,0,0,0,0,0,0,0,0,0,0,0,0,0,0,0,0,0,0,1,0,0,0,0,0,0,0,0,0,0,0,0,0,0,0,0,0,2,0,0,0,0,0,0,0,0,0,0,0,4,0,0,0,0,0,0,0,0,0,0,0,0,0,0,0,0,0,0,2,0,0,0,0,0,0,0,0,0,0,0,0,0,0,0,0,0,0,0,0,0,0,0,7,0,0,0,0,0,0,0,0,0,0,0,0,0,0,0,0,0,0,0,0,0,0,0,0,0,0,0,0,0,0,0,0,0,0,0,0
1712761253.764267,0,0,0,0,2,0,0,3,0,0,0,0,0,0,0,1,0,0,3,62,0,0,0,0,0,0,0,2,0,0,0,0,0,1,0,2,0,0,3,66,0,0,0,0,0,0,0,1,0,0,0,0,0,0,0,0,0,0,0,0,0,0,0,0,0,0,3,0,0,0,0,0,0,0,0,0,0,0,0,0,11,0,0,12,16,0,0,24,0,0,0,2,0,0,0,22,0,0,17,161,0,0,5,0,0,9,0,0,0,0,0,0,0,0,0,0,0,0,0,0,12,0,0,6,9,0,0,1,0,0,0,0,0,0,0,0,0,0,0,0,0,0,1,0,0,10,0,0,0,0,0,0,0,0,0,0,0,0,0,0,4,0,1,0,2,0,0,1,0,0,0,0,0,0,0,0,0,0,0,2,0,0,0,0,0,0,0,0,0,0,0,0,0,0,0,0,0,0,0,0,0,0,0,0,0,0,0,0,0,0,0,0,0,0,0,0,0,0,0,0,0,6,0,0,0,0,0,0,0,0,0,0,0,0,0,0,0,0,0,0,1,1,0,0,1,0,0,0,0,0,0,0,0,0,0,0,0,0,0,0,0,0,0,0,0,0,0,0,0,0,0,0,0,0,0,0,0,0,0,0,0,0,0,0,1,0,0,0,0,0,0,0,1,0,0,0,0,0,0,1,0,0,0,0,0,0,0,0,0,0,0,0,0,0,0,0,0,0,0,0,0,1,0,0,0,0,0,0,0,0,0,0,0,0,0,0,0,0,0,0,0,0,0,0,0,0,0,0,7,1,3,0,0,0,0,0,0,0,0,0,0,0,0,0,0,0,0,0,0,0,0,0,0,0,0,0,0,0,0,0,0,0,0,0,0,0,0,0,0,0,0,0,0,0,0,0,0,0,0,0
1712761253.9480178,0,0,0,0,0,0,0,1,0,0,0,0,0,0,0,1,0,0,2,62,0,0,0,0,3,0,0,0,0,0,0,0,0,0,0,4,0,0,1,64,2,0,0,0,0,0,0,0,0,0,0,0,0,0,0,0,0,0,0,0,0,0,0,0,1,0,0,0,1,0,0,0,0,0,0,0,0,0,0,0,13,0,0,13,14,0,2,24,0,0,0,2,0,0,0,21,0,0,11,164,0,0,0,0,0,0,0,0,0,0,0,0,0,0,0,0,0,0,0,0,0,0,0,0,0,0,0,0,0,0,0,0,0,0,0,0,0,0,0,0,1,0,0,0,0,0,0,0,0,0,0,0,0,0,0,0,0,0,0,0,3,0,0,2,0,0,1,1,0,0,0,0,0,0,0,0,0,0,0,1,0,0,2,0,0,0,0,0,0,0,0,0,0,0,0,0,0,0,0,0,0,0,0,0,0,0,4,0,0,0,0,0,0,0,0,0,0,1,0,0,0,0,0,0,0,1,0,0,0,0,0,0,0,0,0,0,0,0,0,0,1,0,0,3,1,0,0,0,0,0,0,0,0,0,0,1,0,0,0,0,0,0,0,0,0,0,0,0,0,0,0,0,0,0,0,0,0,0,0,0,0,0,0,0,0,0,0,0,0,0,3,0,0,0,0,0,0,0,0,0,0,0,0,0,0,0,0,0,0,0,0,0,0,0,0,0,1,0,0,0,0,0,0,0,5,1,0,0,0,0,0,0,0,0,0,0,0,0,0,0,0,0,0,0,0,0,0,0,0,0,0,0,0,0,3,0,0,0,0,1,0,0,0,0,0,0,0,0,0,0,0,0,0,0,0,0,0,0,0,0,0,0,0,0,5,0,0,0,0,0,0,0,0,0,0,0,0,0,0,0
1712761254.135232,0,2,0,0,1,0,2,4,0,0,0,0,0,0,0,2,0,0,0,72,1,0,0,0,0,0,0,0,0,0,0,0,0,3,0,1,0,0,0,65,0,1,0,0,1,0,0,0,0,0,0,0,0,4,0,0,0,0,0,0,12,0,0,0,0,0,0,0,0,0,0,0,0,0,0,0,0,0,0,0,12,0,0,13,14,2,0,24,0,0,0,2,0,0,0,19,0,0,1,166,0,0,0,0,0,0,0,0,0,0,0,0,0,0,0,0,0,0,0,0,0,0,0,0,0,0,0,0,0,0,0,0,0,0,0,0,0,0,0,0,0,1,0,0,0,0,0,0,0,0,0,0,0,0,0,0,0,0,0,0,0,0,0,0,2,0,0,0,0,0,0,0,0,0,0,0,0,0,0,0,0,0,0,0,1,0,0,1,0,0,0,0,0,0,0,0,0,0,0,0,0,0,0,0,0,0,0,0,0,0,0,0,0,1,0,0,0,0,0,0,0,0,0,0,0,0,0,0,0,0,0,0,0,0,0,0,0,0,0,0,24,0,0,18,9,0,0,3,0,0,0,0,2,0,0,0,0,0,0,0,0,3,0,0,0,0,0,0,0,0,0,5,2,0,0,0,0,0,0,0,0,0,1,0,0,0,0,0,0,0,0,0,0,0,0,0,0,0,0,0,0,0,0,0,0,0,6,0,0,0,0,0,0,0,0,0,0,0,0,0,0,0,0,0,0,0,0,0,0,0,0,0,0,0,0,0,0,1,0,0,0,0,0,0,0,5,0,0,0,0,0,0,0,0,0,0,0,0,0,0,0,0,0,0,0,0,0,0,0,0,0,1,0,2,0,0,0,0,0,0,0,0,0,0,0,0,0,0,0,0,0,0,0,0,0,0,0,0,0,0
1712761254.303172,3,1,0,0,2,0,0,1,0,0,0,0,0,0,0,3,0,0,4,66,0,0,0,0,0,0,0,0,0,0,0,0,0,0,0,1,0,0,4,64,22,0,0,0,0,0,0,0,0,0,0,0,0,0,0,0,0,0,0,0,0,0,0,0,0,0,0,0,0,0,5,0,0,0,0,0,0,0,0,0,11,0,0,11,12,0,0,32,0,0,0,0,0,0,0,22,0,0,19,159,0,0,0,0,0,0,0,0,0,0,0,0,0,0,0,0,0,0,0,0,1,0,0,0,0,0,0,0,0,0,0,0,0,0,0,0,0,0,0,0,0,0,0,0,0,0,0,0,0,0,0,0,2,0,0,0,0,0,0,0,0,0,0,0,0,0,0,0,0,0,0,0,0,0,0,0,0,0,0,0,3,0,0,3,3,0,0,4,0,4,0,0,0,0,0,0,0,0,0,1,0,0,0,0,0,0,1,0,0,2,0,0,0,0,0,0,0,0,0,0,0,0,0,0,0,0,0,0,0,0,0,0,0,0,0,0,0,0,0,0,35,0,0,24,15,0,0,5,0,0,0,0,0,0,0,5,0,0,0,2,0,0,0,0,10,0,0,0,0,0,0,0,0,0,0,0,0,0,0,0,0,2,2,0,0,0,0,0,0,0,0,0,0,0,0,0,0,0,0,0,0,0,0,0,4,0,0,0,0,1,0,0,0,0,0,0,0,0,0,0,1,1,1,0,0,0,0,0,0,0,0,0,0,0,0,0,2,0,0,0,0,0,0,0,0,0,0,0,0,0,0,0,0,0,0,0,0,0,0,0,0,0,0,0,1,0,0,0,0,0,0,0,2,0,0,0,0,0,0,0,0,0,0,0,0,0,0,0,0,0,0,0,0,0,0,0,1,0,0,0
1712761254.4812632,0,0,0,1,1,0,0,2,0,0,0,0,0,0,0,2,0,0,6,66,0,0,0,0,0,0,0,0,0,0,0,0,0,0,0,2,0,0,5,62,0,0,0,0,3,0,0,0,0,0,0,0,0,0,0,0,0,0,0,2,0,0,0,9,0,0,2,0,0,0,0,0,0,0,0,0,0,1,0,0,5,0,0,12,12,0,0,22,0,0,0,1,0,0,0,23,0,0,39,158,0,0,0,2,0,0,0,0,0,0,0,0,0,0,0,0,0,0,0,0,2,0,1,0,0,0,0,0,0,0,0,0,0,2,0,0,1,0,0,0,0,1,3,0,0,0,0,0,0,0,0,0,0,0,0,0,0,0,0,0,0,0,0,0,0,0,0,1,0,0,0,0,0,0,0,0,0,0,0,0,1,0,0,1,2,0,0,2,0,0,0,0,0,0,0,0,0,0,0,0,0,0,0,0,0,0,0,0,0,0,0,0,0,0,0,0,0,0,0,0,0,0,0,0,0,0,0,0,0,0,0,0,0,0,0,1,0,0,0,0,45,0,0,37,24,0,0,11,0,0,0,0,0,0,0,1,0,0,0,6,0,0,0,1,0,0,0,0,0,0,0,0,0,0,0,0,0,0,0,0,0,0,0,0,0,0,0,0,0,0,0,0,0,0,0,0,0,0,0,0,0,0,0,0,0,0,0,0,0,0,0,0,0,0,0,0,3,0,0,0,0,0,0,0,2,0,0,0,0,0,0,0,0,0,0,0,0,0,0,0,0,0,0,0,0,0,0,0,0,0,0,0,0,0,0,0,0,0,0,0,0,0,0,0,0,3,0,0,0,0,0,0,0,0,0,0,0,0,0,0,0,0,0,0,0,0,0,0,0,0,0,0,0,0,0,0,0,0,0,0
1712761254.6656692,1,0,2,0,0,0,0,3,0,0,0,0,0,0,0,0,0,0,5,63,0,0,1,0,0,0,0,0,0,0,0,4,0,0,0,1,0,0,5,63,0,0,0,0,0,0,0,0,0,0,0,0,0,0,0,0,0,0,0,0,0,0,1,0,0,0,0,0,0,0,0,0,0,0,0,0,0,0,0,58,11,0,0,13,14,0,0,23,0,0,0,0,0,0,0,23,0,0,38,159,0,0,0,0,0,0,0,0,0,0,1,0,0,0,0,0,0,3,0,0,18,0,0,18,11,0,0,7,0,0,0,0,0,0,0,0,0,0,0,3,0,0,0,0,0,0,0,0,0,0,0,0,0,0,0,0,0,0,0,0,0,0,0,0,0,0,0,0,0,0,0,0,0,0,0,0,0,0,0,0,0,0,0,0,0,0,0,0,2,0,0,0,0,0,0,0,0,0,0,0,0,0,0,0,0,0,0,0,0,0,6,0,0,0,0,1,1,0,0,0,0,0,0,0,0,0,0,0,0,0,0,0,0,0,0,0,0,0,0,0,45,0,0,42,32,0,0,11,0,0,0,0,0,0,0,1,0,0,0,6,0,0,0,0,0,0,0,0,2,0,0,0,0,0,0,0,0,0,0,0,0,0,0,0,0,0,0,0,0,0,0,0,0,0,0,0,0,0,0,0,0,0,0,0,0,0,0,0,0,0,0,0,0,0,0,0,0,0,0,1,0,0,0,0,12,0,0,1,2,0,1,1,0,0,0,0,0,0,0,0,0,3,0,0,0,0,0,1,0,0,0,0,0,0,0,0,0,0,0,0,0,0,0,1,0,0,0,0,0,0,0,0,0,0,0,0,0,0,0,0,0,0,0,0,0,0,0,0,0,0,0,0,0,0,0,0,0,0,0,0
1712761254.847952,1,0,8,0,0,0,0,0,0,0,0,0,0,0,0,1,0,0,3,63,0,0,0,0,1,0,0,0,0,0,0,0,0,0,0,2,0,0,5,65,0,0,0,0,2,0,0,0,0,0,0,0,0,0,0,2,0,0,0,0,0,1,0,0,0,0,0,0,0,0,0,0,2,0,0,0,0,0,0,58,11,0,0,13,11,0,0,21,0,0,0,0,0,0,0,19,0,1,38,159,0,0,0,0,0,0,0,0,0,0,0,0,0,0,0,0,0,0,0,0,21,0,0,21,11,0,0,7,0,0,0,0,0,0,1,1,0,0,0,4,0,0,0,0,0,0,0,0,0,0,0,0,0,0,0,0,0,0,0,0,0,0,0,1,1,0,0,0,0,0,0,0,0,0,0,0,0,0,0,2,0,0,0,0,0,0,0,1,0,0,0,0,0,0,0,0,0,0,0,0,0,0,0,0,0,0,0,0,0,0,0,0,0,0,0,0,0,0,0,0,0,0,0,0,0,0,0,0,0,0,0,0,0,0,0,0,0,0,0,0,46,0,0,44,35,0,0,13,0,0,5,0,0,0,0,2,0,0,0,6,0,0,0,0,0,0,0,0,0,0,0,0,0,0,0,0,0,0,0,0,1,0,0,0,0,0,0,0,1,0,0,0,0,0,0,0,0,0,0,0,0,0,0,0,0,0,0,0,0,0,0,2,0,0,0,0,0,0,0,0,0,0,0,0,0,0,0,0,0,0,0,0,0,0,0,0,0,0,0,0,0,0,0,0,0,0,0,0,0,0,0,0,0,0,0,0,0,0,0,0,0,0,4,0,0,0,0,0,0,0,0,0,0,0,0,0,0,0,0,0,0,0,0,0,0,0,1,0,0,0,0,0,0,0,0,0,0,0,0,0
1712761255.029873,1,0,0,0,0,0,0,1,0,1,0,0,0,0,0,1,0,0,1,56,0,0,0,0,2,0,0,0,0,0,0,0,0,0,0,2,0,0,5,63,11,0,0,0,0,0,0,0,0,0,4,0,0,0,0,0,0,0,0,0,4,0,0,0,0,0,0,0,3,0,0,0,0,0,0,0,0,0,1,58,5,4,3,12,15,0,0,19,0,0,0,0,0,0,0,23,0,0,41,157,0,0,0,0,0,0,0,0,0,0,0,0,0,0,0,0,0,0,0,0,16,0,8,18,13,0,0,6,0,0,0,0,0,0,0,0,0,0,0,3,0,0,0,0,0,0,0,0,0,0,0,0,0,0,0,0,0,0,0,0,0,0,0,0,0,3,1,0,0,0,0,0,0,0,1,0,1,0,0,0,2,0,0,3,3,0,0,2,0,0,0,0,0,0,0,0,0,0,0,0,0,0,0,0,0,0,0,0,0,0,1,0,0,0,0,0,0,0,0,0,0,0,0,0,0,0,0,0,7,0,0,0,0,0,0,0,0,0,0,0,36,0,4,24,18,0,0,5,0,0,0,0,0,0,0,0,0,0,0,2,0,0,0,0,0,0,0,0,0,0,0,0,0,0,0,0,0,0,0,0,0,0,0,0,0,1,7,0,0,0,0,0,0,0,0,0,0,0,0,0,0,0,0,0,0,0,0,0,0,0,0,5,0,0,0,0,0,0,0,0,4,0,0,0,0,0,0,0,3,0,0,0,0,0,0,0,0,0,0,0,0,0,0,0,0,0,0,0,0,0,0,0,0,0,0,0,0,0,0,0,0,0,0,1,0,0,0,0,0,0,0,0,0,0,0,0,0,0,0,1,0,0,0,0,0,0,0,0,0,0,0,0,0,0,0,0,0,0,0,0
1712761255.220223,0,0,0,0,0,0,0,17,0,0,0,0,0,0,0,0,0,0,1,5,1,0,0,6,3,0,0,5,0,0,0,0,0,0,0,2,0,0,24,93,0,0,0,0,0,0,0,0,0,0,0,0,0,0,0,0,0,0,0,0,0,0,0,0,0,0,0,0,0,0,0,0,0,0,0,0,0,0,1,58,12,0,0,7,13,0,0,11,0,0,0,0,0,0,0,3,0,0,22,146,0,1,0,0,0,0,0,0,0,0,0,0,0,0,0,0,0,0,0,0,0,0,0,0,0,0,0,0,0,0,0,0,0,0,0,0,0,0,0,0,0,0,0,0,0,0,0,0,0,0,0,0,0,0,0,0,0,1,0,0,0,0,0,0,0,0,1,0,0,0,0,0,0,0,0,0,0,0,0,0,2,0,1,3,3,0,0,2,0,0,0,0,0,0,0,0,1,0,0,0,0,0,0,3,0,0,0,0,0,0,0,0,0,0,0,0,0,0,0,0,0,0,0,0,0,0,0,0,0,3,0,0,0,0,0,0,0,0,0,0,37,0,0,22,16,0,1,5,0,0,0,0,0,0,0,0,0,0,0,2,0,0,0,0,0,0,0,0,0,0,0,0,0,0,0,0,0,0,0,0,0,0,0,0,0,0,0,0,0,0,0,0,0,0,0,0,0,0,0,0,0,0,0,0,0,0,0,0,0,0,0,0,0,0,0,0,0,0,0,0,0,0,0,0,0,0,0,0,0,0,0,0,0,0,0,0,0,0,0,0,0,0,3,0,0,0,0,0,0,0,0,0,0,0,0,0,0,0,0,0,0,0,0,0,0,0,0,0,0,0,0,0,0,0,0,0,0,0,0,0,0,0,0,0,0,0,0,0,0,0,0,0,0,0,0,0,0,0,0,0
1712761255.4015832,0,0,0,0,0,0,0,0,2,0,0,0,0,0,0,0,0,0,2,61,0,0,0,1,0,0,0,4,0,0,0,0,0,0,0,0,0,0,11,76,0,0,0,0,0,0,0,0,0,0,0,0,0,0,0,0,0,0,0,0,0,0,0,0,2,0,0,0,0,0,1,0,0,0,0,0,0,0,0,59,4,0,2,9,11,0,0,18,0,0,0,0,0,0,0,0,0,0,21,155,1,0,0,5,7,0,0,17,0,0,0,0,0,0,0,0,0,0,0,5,0,0,0,0,0,0,0,0,0,1,0,0,0,0,0,0,0,0,0,0,0,0,0,0,0,0,0,0,0,0,0,0,0,0,0,0,0,0,0,0,0,0,0,0,0,0,0,0,0,0,0,0,0,0,0,0,0,0,0,0,2,0,0,4,2,0,0,3,0,0,0,0,0,0,0,0,0,0,0,0,0,0,0,0,1,0,0,0,0,0,0,0,0,0,0,0,0,0,0,0,0,0,0,0,0,0,0,0,0,0,0,0,0,0,0,0,0,0,0,0,32,0,9,26,12,0,0,4,0,0,0,0,0,0,0,0,0,0,0,2,0,0,0,0,0,0,0,0,0,0,0,0,0,0,0,0,0,0,0,0,0,0,0,0,0,0,0,0,0,0,0,0,0,0,0,0,0,0,0,0,0,0,2,0,0,0,0,0,0,0,0,0,0,0,0,0,0,0,0,0,0,0,0,10,0,0,0,0,0,0,0,0,0,0,0,0,0,0,0,0,0,0,0,0,0,0,0,0,4,0,0,0,0,0,0,0,0,0,0,0,0,0,0,2,0,0,1,0,3,0,0,0,0,0,0,0,0,0,0,0,0,0,0,0,0,0,0,0,0,0,0,0,0,0,0,0,0,0,0,0
1712761255.586841,0,0,0,0,8,0,0,0,0,0,0,0,0,0,1,0,0,0,0,3,0,0,0,1,3,0,0,4,0,0,0,0,0,0,0,0,0,0,21,99,0,0,0,0,0,0,0,0,0,0,0,0,0,0,0,0,0,0,0,0,0,0,0,0,0,0,0,1,0,0,0,0,0,0,0,0,0,0,0,0,5,0,1,4,10,0,0,11,0,0,0,0,0,0,0,0,0,0,18,146,15,0,2,6,11,0,0,55,0,0,0,0,0,0,0,0,0,0,1,60,0,1,0,0,0,0,0,1,0,0,0,0,0,0,0,0,0,0,0,0,0,1,0,0,0,0,0,0,0,0,0,0,0,0,0,1,0,0,0,0,0,0,0,0,0,0,0,0,0,2,0,0,0,0,0,0,0,0,0,0,3,0,0,1,3,1,0,1,0,0,0,0,0,0,0,0,0,0,0,0,0,0,3,0,0,0,0,0,0,0,2,0,0,0,0,0,0,0,0,0,4,0,0,0,0,0,0,0,0,0,0,0,0,0,0,0,0,0,0,0,29,0,9,13,11,0,0,3,0,0,0,0,0,0,0,0,0,0,0,3,0,0,0,0,0,0,0,0,0,0,0,0,0,0,0,0,0,0,0,0,0,0,0,0,0,0,0,0,0,0,0,0,0,0,0,0,0,0,0,0,0,1,0,0,0,0,0,0,0,0,0,0,0,0,0,0,0,0,0,0,0,0,0,0,1,0,0,1,0,8,0,0,0,0,0,0,3,0,0,0,0,0,0,0,0,0,0,0,0,0,0,0,0,0,0,0,0,0,0,0,0,0,0,0,1,0,0,0,0,0,0,0,0,0,0,1,0,0,0,0,0,0,0,0,0,0,0,0,0,0,0,0,0,0,0,0,0,0,0,0
1712761255.781595,0,0,2,0,0,0,0,0,0,0,0,0,0,0,0,0,0,0,1,60,0,0,0,1,3,0,0,7,0,0,0,0,0,0,0,6,0,0,22,98,0,0,0,0,0,0,0,0,0,0,0,0,0,0,0,0,0,0,0,0,0,0,0,0,0,0,0,0,0,0,0,0,0,0,0,0,0,0,0,0,6,0,1,2,11,0,0,20,1,0,0,0,0,0,0,0,0,0,23,161,17,0,2,10,10,0,0,39,0,0,0,0,0,0,0,0,0,0,0,60,0,0,0,0,0,0,0,0,0,0,0,0,0,0,0,0,0,0,0,0,0,0,0,0,0,0,0,0,0,0,0,0,1,0,0,0,0,0,0,0,0,0,0,0,0,0,0,0,0,0,0,0,0,0,0,0,0,0,0,0,2,0,0,2,1,0,0,2,0,0,0,0,0,0,0,0,0,0,0,1,0,0,1,0,0,0,0,0,0,0,0,0,0,0,0,0,0,0,0,0,0,0,0,0,0,0,0,0,0,0,0,0,0,0,0,0,0,0,0,0,25,0,3,17,9,0,0,3,0,0,0,0,0,0,0,0,0,0,0,1,0,0,0,0,0,0,0,0,0,1,0,0,0,0,0,0,0,0,0,0,0,0,0,0,0,0,0,0,0,0,0,6,2,0,0,0,0,0,0,0,0,5,0,0,0,0,0,0,0,0,0,0,0,0,0,0,0,0,0,0,0,0,1,0,0,0,0,0,0,0,0,0,0,0,0,0,0,0,0,0,0,1,0,0,0,0,0,0,0,0,0,0,0,5,0,0,0,0,0,0,2,0,3,14,1,0,0,0,0,0,0,0,0,0,0,0,0,0,0,0,0,0,0,0,0,0,0,0,0,0,0,0,0,0,0,0,0,0,0,0
1712761255.943211,0,0,0,0,0,0,0,1,0,0,0,0,0,0,0,0,0,0,2,61,1,0,1,3,0,0,0,5,0,0,0,0,0,0,0,0,0,0,20,94,0,0,0,0,0,0,0,0,0,1,0,0,0,0,0,0,0,0,0,0,0,0,0,0,0,0,0,0,0,0,0,1,4,0,0,0,0,0,0,0,11,0,0,9,12,0,0,25,0,1,0,0,0,0,0,0,0,0,36,163,11,0,0,9,17,5,0,34,0,0,0,0,0,2,0,0,0,0,1,59,0,0,0,0,0,0,0,0,0,0,0,0,0,0,0,0,0,0,0,0,0,0,0,0,0,1,0,0,0,0,0,3,0,1,0,0,0,0,0,0,0,0,0,0,0,0,0,1,0,1,0,0,0,0,0,0,0,0,0,0,0,0,0,0,0,0,0,0,0,0,0,0,0,0,0,0,0,0,0,0,0,0,0,0,0,0,0,0,0,0,0,0,0,0,0,0,0,0,0,0,0,0,0,0,0,0,0,0,0,0,0,1,0,0,0,0,0,0,0,0,33,0,2,13,13,0,0,5,0,0,0,0,0,0,0,0,0,0,0,3,0,0,0,0,0,0,0,0,0,0,0,0,0,0,0,0,0,0,0,0,0,0,0,0,0,0,0,0,0,0,0,0,0,0,0,0,0,0,0,0,0,0,1,0,0,0,0,0,0,0,0,0,0,0,0,0,0,0,0,0,0,0,0,0,0,0,0,0,0,0,0,0,0,0,0,0,0,0,0,0,1,0,0,0,0,0,0,0,0,0,0,0,0,0,0,0,0,0,0,0,0,0,0,3,2,0,0,0,0,0,0,0,0,0,0,0,0,0,0,0,0,0,0,0,0,0,0,0,0,0,0,0,0,0,0,0,0,0,0,0
1712761256.121856,0,0,4,0,0,0,0,0,0,0,0,0,0,0,0,0,0,0,2,61,1,0,0,1,2,0,0,4,0,0,0,0,0,0,0,7,0,0,15,85,0,0,0,0,0,0,0,0,0,0,0,0,0,1,0,0,0,0,0,0,0,0,2,0,0,0,0,0,0,0,0,0,0,0,0,0,0,0,0,0,13,0,0,7,13,0,0,23,0,0,0,0,0,0,0,18,0,0,23,159,6,0,0,4,0,0,0,24,0,0,0,0,0,0,0,0,0,0,0,57,0,0,2,0,0,0,0,0,0,5,0,0,0,0,0,0,0,0,0,0,0,0,0,0,0,0,0,0,0,1,0,0,0,0,8,0,0,0,0,0,7,0,0,1,0,0,0,0,0,0,0,0,0,0,0,0,0,0,0,0,0,0,0,0,0,0,0,0,4,0,0,0,0,0,0,0,0,0,0,0,0,0,0,0,0,0,0,0,0,0,0,0,0,0,0,0,0,0,0,0,0,0,0,0,0,0,0,0,0,0,0,0,0,0,0,0,0,0,0,0,27,0,0,19,10,0,0,3,0,0,0,0,0,0,0,0,0,0,0,1,1,0,0,0,0,0,0,0,0,0,0,0,0,0,0,0,0,0,0,0,0,0,0,0,0,0,0,0,0,2,0,0,0,0,0,0,0,0,0,0,0,0,0,0,6,0,0,0,0,0,0,0,0,0,0,0,0,0,0,0,0,0,0,0,0,0,0,0,1,0,0,0,0,0,0,0,0,0,0,0,7,0,0,0,0,0,0,0,0,0,0,0,0,0,0,0,0,0,0,0,0,0,0,3,3,0,0,0,0,0,0,0,0,4,0,0,0,0,0,0,0,8,0,0,1,0,0,0,0,0,2,0,0,0,0,0,0,0,0,0
1712761256.319872,0,0,0,0,0,0,3,0,0,0,0,0,0,0,0,0,0,0,0,60,1,0,0,4,4,0,1,9,0,0,3,0,0,0,0,0,0,0,24,109,0,0,0,0,0,0,0,0,0,0,0,0,0,0,0,0,0,0,0,0,0,11,0,0,0,0,0,0,0,1,0,0,0,0,0,0,0,0,0,2,13,0,0,10,13,0,0,24,0,0,0,0,0,0,0,0,0,3,20,161,14,0,0,8,9,0,0,33,0,0,0,0,0,0,0,0,0,0,0,57,0,12,0,0,0,0,0,0,0,0,0,0,0,0,0,0,0,0,0,0,0,0,0,0,0,6,0,0,0,1,0,0,0,0,0,0,0,0,0,0,1,0,0,0,2,0,2,0,0,0,1,0,0,0,0,0,0,0,0,2,0,0,0,5,0,3,0,0,0,0,0,0,0,0,0,0,0,0,0,0,0,4,1,0,0,0,0,0,0,0,0,0,0,0,0,0,0,0,0,0,0,0,0,0,0,0,0,0,0,0,0,0,0,1,0,0,0,0,0,0,32,0,0,13,8,0,0,3,0,0,0,0,0,0,0,0,0,0,0,1,0,0,0,0,0,0,0,0,0,0,0,0,0,0,0,0,0,0,0,0,0,0,0,0,0,0,0,0,0,0,0,0,0,0,0,0,0,0,0,0,0,0,0,0,0,0,0,0,0,0,0,0,0,0,0,0,0,0,0,0,3,0,0,0,0,0,0,0,0,0,0,0,0,0,1,0,0,0,0,0,0,0,0,0,0,0,0,0,0,0,0,0,0,0,0,0,0,0,0,0,1,0,0,4,3,0,0,0,0,0,0,0,0,0,0,0,0,0,0,0,0,0,0,0,0,0,0,0,0,0,0,0,0,0,0,0,0,0,0,0
1712761256.5109189,0,0,0,0,0,0,0,0,0,0,0,0,0,0,0,0,0,0,2,59,1,0,1,0,4,0,0,9,0,0,0,0,0,0,0,0,0,0,27,107,0,0,0,0,0,0,0,0,0,0,0,0,0,0,0,0,0,0,0,0,0,0,0,0,3,0,0,0,0,0,0,3,0,0,0,1,0,0,0,0,10,0,0,9,14,0,0,23,1,0,0,0,0,0,0,0,0,0,23,161,14,0,0,8,8,0,0,31,0,0,0,0,0,0,0,0,0,0,0,57,0,1,0,0,0,0,0,0,0,0,0,0,0,0,0,0,0,0,0,0,0,0,0,0,0,0,0,0,0,0,0,0,0,0,2,0,0,0,0,0,3,0,0,1,4,0,0,2,0,0,0,0,0,0,0,0,0,0,0,2,0,0,0,0,7,0,0,0,0,0,0,0,0,0,0,0,0,0,0,0,0,0,0,0,0,0,0,0,0,0,0,0,0,0,0,0,0,0,0,0,1,1,0,0,0,0,0,0,0,0,0,0,0,0,0,0,0,0,0,0,21,0,0,13,9,0,0,4,0,0,0,0,0,2,0,0,0,0,0,1,0,0,0,0,6,0,0,0,0,0,0,0,0,0,0,0,0,0,0,0,0,0,2,0,0,0,0,0,0,0,0,0,0,0,0,0,0,0,0,0,0,0,0,0,0,0,0,0,0,0,0,0,0,0,0,0,0,0,0,0,0,0,0,0,0,0,0,0,0,0,0,0,0,0,0,0,0,0,0,0,0,0,0,0,0,0,0,0,0,0,0,0,0,0,0,1,0,0,0,0,0,0,0,3,0,0,0,0,0,0,0,0,0,0,0,0,0,0,0,0,0,0,0,0,0,0,0,0,0,0,0,0,0,0,0,0,0,0,0,0
1712761256.694101,0,0,0,1,0,0,1,2,0,0,0,0,0,0,0,2,0,0,0,60,3,0,0,0,6,0,1,10,1,0,0,0,0,2,0,0,0,4,23,105,0,0,0,0,0,0,0,0,0,0,0,0,0,0,0,0,0,0,0,0,2,0,0,8,1,0,0,0,0,0,0,0,0,0,0,0,0,0,0,0,15,0,0,0,17,0,0,24,2,0,0,0,0,0,0,0,0,7,18,163,16,0,0,0,14,0,0,33,0,0,0,0,0,0,0,0,0,0,1,59,0,0,0,0,0,0,0,0,0,0,0,0,0,0,0,0,0,0,0,0,0,0,0,0,0,0,0,0,0,0,0,0,0,0,0,0,0,0,0,0,0,0,1,0,2,0,0,0,0,0,0,0,0,0,0,0,0,0,0,1,0,0,1,0,0,0,0,0,0,0,0,0,0,0,0,0,0,0,0,0,0,0,0,0,0,0,0,0,0,0,0,0,0,0,0,0,0,0,0,0,0,0,0,0,0,0,0,0,0,1,0,0,0,0,0,0,0,0,0,0,26,0,0,0,15,0,1,4,0,0,0,0,0,0,0,0,0,0,0,2,0,0,0,0,0,0,0,0,0,0,0,0,0,0,0,0,0,0,0,0,0,0,0,0,0,0,0,0,0,0,0,0,0,0,0,0,0,0,0,0,0,0,0,0,0,0,0,0,0,0,0,0,0,0,0,0,0,0,0,0,0,0,0,0,0,0,0,0,0,0,0,0,0,0,0,0,0,0,0,0,0,0,0,0,0,0,0,0,0,0,0,0,0,0,0,0,0,0,0,0,1,0,0,0,6,0,0,1,0,0,0,0,0,0,0,0,0,0,0,4,0,0,0,0,5,0,0,0,0,0,0,0,0,0,0,0,0,0,0,0
1712761256.870209,0,0,0,0,1,0,0,1,0,0,0,0,0,0,0,0,0,0,2,63,6,0,2,9,7,0,0,9,0,0,0,0,1,0,0,0,0,0,22,107,0,0,1,0,0,0,0,0,0,2,0,0,0,0,0,0,0,0,0,0,0,0,0,0,0,0,0,0,0,0,1,0,0,0,0,0,0,0,0,0,15,0,0,0,18,0,0,25,0,0,0,0,0,0,0,0,0,0,18,165,0,0,0,0,0,0,0,0,0,0,0,0,0,0,0,0,0,0,0,2,0,0,0,1,0,0,0,0,0,0,0,0,0,0,0,0,0,0,0,0,0,0,0,0,0,0,0,0,0,0,0,0,0,0,0,0,0,0,0,0,3,0,0,0,3,0,0,1,0,0,0,0,0,0,0,0,0,0,0,1,2,0,0,0,4,0,0,3,0,0,0,0,0,0,0,0,0,0,0,0,0,0,1,0,0,0,0,0,0,4,0,0,0,0,0,0,0,0,0,0,0,0,0,0,0,0,0,0,0,0,0,0,0,0,0,0,0,0,0,0,26,0,0,0,15,0,0,5,0,0,0,0,0,0,0,0,0,0,0,1,0,0,0,0,0,0,0,0,0,0,0,1,0,0,6,0,0,0,0,0,0,0,0,0,0,0,0,0,1,0,0,0,0,0,0,0,0,0,0,0,0,0,0,0,0,0,0,1,0,0,0,0,0,0,0,0,0,0,0,0,0,0,0,0,0,0,0,0,0,0,0,0,0,0,0,0,0,0,0,0,0,0,0,0,0,0,0,0,0,0,0,0,0,0,0,0,0,0,0,1,2,0,0,0,6,0,0,0,2,0,0,0,0,1,0,0,0,0,0,5,0,0,0,0,0,0,0,0,0,0,0,0,0,0,0,0,0,0,0,0
1712761257.0581021,0,0,0,0,0,0,0,0,0,0,0,0,0,0,0,0,0,0,2,64,3,0,0,0,11,0,0,9,0,0,0,0,0,0,0,0,0,0,27,105,0,0,0,5,0,0,0,0,0,0,0,0,0,0,0,0,0,0,0,0,0,0,0,0,0,0,0,0,0,0,0,0,0,0,0,0,0,0,0,0,16,0,0,0,20,0,0,24,0,0,0,0,0,0,0,0,0,0,23,163,0,0,0,1,0,0,0,2,0,0,0,0,0,0,0,0,0,0,0,1,0,0,0,0,0,0,0,0,4,0,0,0,0,0,0,0,0,0,0,0,0,0,0,0,0,0,0,0,0,0,0,0,0,0,0,0,0,0,0,0,0,0,0,0,0,0,0,0,0,0,2,0,0,0,0,0,0,0,0,0,3,0,0,0,4,0,0,2,0,0,0,0,0,6,0,0,0,0,0,0,0,0,0,0,0,0,0,0,0,0,0,0,0,0,0,0,0,0,0,0,0,0,0,0,0,0,0,0,0,0,0,0,0,0,0,0,0,0,0,0,28,0,0,0,18,0,0,5,0,0,0,0,0,0,0,0,0,0,0,2,0,0,0,0,0,0,0,4,0,0,2,0,0,0,0,0,0,0,0,0,0,0,0,0,0,0,0,0,0,0,0,0,0,0,0,0,0,0,0,0,0,0,0,0,0,1,0,0,0,0,0,0,0,1,2,0,0,0,0,0,0,0,0,0,0,0,0,0,0,0,0,0,0,0,0,0,0,0,0,0,0,0,4,0,0,0,0,0,0,0,0,0,0,0,0,0,0,0,0,1,2,0,0,0,0,0,0,0,0,0,0,0,0,0,0,0,0,0,0,0,0,0,0,0,0,0,0,0,0,0,0,0,0,0,0,0,0,0,0,0
1712761257.249491,0,0,0,0,0,0,0,0,0,0,0,0,0,0,0,0,0,0,0,56,3,0,0,0,7,0,0,9,0,0,0,0,0,0,0,0,0,0,27,114,2,0,0,0,0,0,0,0,0,0,0,0,0,0,0,0,0,0,0,0,0,0,0,0,0,0,9,0,0,0,0,0,0,0,0,0,0,0,0,0,15,0,0,0,16,10,0,25,0,0,0,0,0,0,0,0,0,0,20,165,0,0,0,0,0,0,0,0,0,0,0,0,0,0,0,0,0,0,0,0,0,0,0,0,0,0,0,0,0,0,0,0,0,0,0,0,0,0,0,0,0,0,0,0,0,0,0,0,0,0,0,0,0,0,0,0,0,0,0,0,4,0,0,0,3,0,0,2,0,0,0,0,0,0,0,1,0,0,0,2,5,0,0,0,4,0,0,5,0,0,0,0,1,0,0,0,0,0,0,0,6,0,3,0,0,0,0,0,0,0,0,0,0,0,0,0,0,0,0,1,0,0,0,0,0,0,0,0,0,0,0,0,0,0,0,0,0,0,0,0,29,0,0,0,16,0,0,4,0,0,0,0,0,0,0,0,0,0,0,2,0,0,0,0,0,0,0,0,0,0,0,0,0,0,0,0,0,0,0,0,0,0,0,0,0,0,0,0,0,0,0,0,0,0,0,0,0,0,0,0,0,0,0,0,0,0,0,0,2,0,0,0,0,0,0,0,0,0,0,0,0,0,0,0,0,0,0,0,0,0,0,0,0,0,0,0,0,0,0,0,0,0,0,0,0,0,0,0,0,0,0,0,0,0,0,0,0,0,0,1,0,0,0,0,0,0,0,0,0,0,0,1,0,0,0,0,0,0,0,0,0,0,0,0,0,0,0,0,0,0,0,0,0,0,0,0,0,0,0,0
1712761257.426558,0,0,0,0,0,0,0,0,0,0,0,0,0,0,0,0,0,0,2,64,3,0,0,0,6,0,0,10,6,0,0,0,0,0,0,0,0,0,33,112,0,0,0,0,0,0,0,0,0,0,0,0,0,0,0,0,0,0,0,0,0,0,0,0,0,0,0,0,0,0,0,0,1,0,0,1,0,0,0,0,15,0,0,0,14,0,0,24,0,0,0,0,0,0,0,0,0,0,39,162,0,0,0,0,0,0,0,0,0,0,0,0,0,0,0,0,0,0,0,3,0,0,0,0,0,0,0,1,0,0,0,0,0,0,0,0,0,0,0,0,0,0,0,0,0,5,0,0,0,0,0,0,0,0,0,0,0,0,0,0,3,0,1,0,2,0,0,1,0,0,0,0,0,0,0,0,0,0,0,1,5,0,0,0,3,0,0,4,0,1,0,0,0,0,0,0,0,0,0,1,0,0,0,0,0,0,0,0,0,0,0,0,0,0,0,0,0,0,0,0,0,0,0,0,0,0,0,0,0,0,0,0,0,0,0,0,0,0,0,0,27,0,0,0,15,0,0,6,0,0,0,0,0,0,0,0,0,0,0,1,0,0,0,0,0,0,0,0,0,0,0,0,0,0,0,0,0,0,0,0,0,0,0,0,0,0,0,0,0,0,0,0,0,0,0,0,0,0,0,0,0,0,0,0,0,0,0,0,0,0,0,0,0,0,0,0,0,0,0,0,0,0,0,0,0,3,0,0,0,0,0,0,0,0,0,0,0,0,0,0,0,0,0,0,0,0,0,0,0,0,0,0,0,0,0,0,0,0,0,0,1,0,0,0,0,0,16,0,0,0,0,0,0,0,0,0,0,0,0,0,0,0,0,0,0,0,0,0,0,0,0,0,0,0,0,0,0,0,0,0
1712761257.6069498,0,0,0,0,0,0,0,0,0,0,0,0,2,0,0,0,0,0,0,0,7,0,0,0,7,0,0,9,0,0,0,0,0,0,0,0,0,0,25,114,0,0,0,0,0,0,0,0,0,0,0,0,0,0,0,0,0,0,0,0,0,0,0,1,0,0,0,0,0,0,0,0,0,0,0,0,0,0,0,0,17,0,0,0,18,0,0,24,0,0,0,0,0,0,0,0,0,0,19,167,0,0,0,0,0,0,0,0,2,0,0,0,0,0,0,0,0,0,1,1,0,1,4,0,1,0,0,0,0,0,0,0,0,0,0,0,0,0,0,0,0,0,0,0,0,0,0,0,0,0,0,0,0,0,0,0,0,0,0,1,4,0,0,0,0,0,1,1,0,1,0,0,0,0,0,0,0,0,0,2,5,0,0,0,4,0,0,3,0,0,0,0,0,0,0,0,0,0,0,1,0,0,0,0,0,0,0,1,0,0,0,0,0,0,0,0,0,0,0,0,8,0,0,0,0,0,1,0,0,0,0,1,0,0,0,0,0,0,0,0,34,0,0,0,18,0,0,5,0,0,0,0,0,0,0,0,0,0,0,2,0,0,0,0,0,0,0,0,0,0,0,0,0,0,0,0,0,0,0,0,0,0,0,0,0,0,0,0,0,0,0,0,0,0,0,0,0,0,0,0,0,0,0,0,0,0,0,0,1,0,2,0,0,0,0,0,0,0,0,0,0,0,3,0,0,0,0,0,0,0,0,0,0,0,0,0,0,0,0,0,3,0,0,0,3,0,0,0,0,0,0,0,0,0,0,0,0,0,0,0,0,0,0,0,0,0,0,0,0,0,0,0,1,0,0,0,0,0,0,0,0,0,0,0,0,0,0,0,0,0,0,0,0,0,0,0,0,0,0,0
1712761257.776165,0,0,0,0,0,0,0,0,0,0,0,2,0,0,0,0,0,0,0,0,3,0,4,0,6,0,0,10,0,0,0,0,0,0,0,0,0,0,26,112,2,3,0,0,0,0,0,0,0,0,0,0,0,0,0,0,0,0,0,0,0,1,0,0,0,0,0,0,0,0,0,0,0,0,1,0,0,0,0,0,16,0,0,0,17,0,0,24,1,0,1,0,0,0,0,0,0,0,20,168,0,0,7,0,0,0,0,0,0,0,0,0,0,1,0,0,0,0,0,3,0,0,0,0,0,0,0,0,0,0,0,0,0,0,0,0,0,0,0,0,1,0,0,0,0,0,0,0,0,0,0,0,0,0,0,0,0,0,0,0,1,0,0,0,0,0,0,0,0,0,0,0,2,0,0,0,0,0,0,0,5,0,0,0,4,1,0,4,0,8,0,0,0,0,0,0,0,0,0,0,0,0,0,0,0,0,0,0,0,0,0,0,0,0,0,1,0,0,0,0,0,0,0,0,0,0,0,0,0,0,0,0,0,0,0,0,0,0,0,0,32,0,0,0,17,0,0,1,0,0,0,0,0,0,0,0,0,0,0,3,0,0,0,0,0,8,0,0,0,0,0,0,0,0,0,0,0,0,0,0,0,0,0,0,8,0,0,0,0,0,0,0,0,0,0,0,0,0,0,0,0,0,0,0,0,0,0,0,0,0,0,0,0,0,0,0,0,0,0,0,0,0,0,0,0,0,0,0,0,0,1,0,0,0,0,0,0,0,0,0,3,0,0,0,0,0,0,0,0,0,0,0,0,0,0,0,0,0,0,1,0,0,0,0,0,0,0,0,0,0,0,0,0,0,0,0,0,0,1,0,0,0,0,0,0,0,0,0,0,0,0,0,0,0,0,0,0,0,0,0
1712761257.93388,1,0,0,0,0,0,0,0,0,0,0,0,0,0,0,0,0,0,3,66,3,0,0,0,6,0,0,15,1,8,0,0,0,0,0,0,0,3,25,114,0,0,0,0,0,0,0,0,0,0,0,0,0,0,0,0,0,0,0,0,0,0,0,0,0,0,0,0,0,0,0,0,0,0,0,0,0,0,0,0,17,0,2,0,19,0,0,24,1,0,0,0,0,0,0,0,0,0,20,170,0,0,0,0,0,0,0,1,0,0,0,0,0,0,0,0,0,0,0,3,2,0,0,0,0,0,0,0,0,0,0,0,0,0,0,0,0,0,0,0,0,0,0,0,0,0,0,0,0,0,0,0,0,0,0,0,0,0,0,0,4,0,0,0,3,0,0,1,0,0,0,3,0,0,0,0,0,0,2,2,16,0,0,0,5,0,0,3,1,0,0,0,0,0,0,0,0,0,0,1,0,0,0,0,0,0,0,0,0,0,0,0,0,0,0,0,0,0,0,0,0,0,0,0,0,0,0,0,0,0,0,0,0,0,0,0,0,0,0,0,35,0,1,0,19,0,0,5,0,0,0,0,0,0,0,0,0,0,2,5,0,0,0,3,1,0,0,0,0,0,0,0,0,0,0,0,0,0,0,0,0,0,0,3,0,0,0,0,0,0,0,0,0,0,0,0,0,0,0,0,0,0,0,0,0,0,0,0,0,0,4,0,0,0,0,0,0,0,0,0,0,0,0,0,0,0,0,0,0,0,0,0,0,0,0,0,0,1,0,0,7,2,3,0,5,0,0,1,0,0,0,0,0,0,0,0,0,0,0,1,0,0,0,0,0,0,0,0,0,0,0,0,0,0,0,0,0,0,0,0,0,7,0,0,0,0,0,0,0,0,0,0,0,3,0,0,0,0,0,0
1712761258.107914,0,0,0,0,0,0,0,0,1,0,0,0,0,0,0,0,0,0,2,63,7,0,0,6,5,0,0,9,0,3,0,0,0,0,0,1,0,1,25,111,0,0,0,0,0,0,0,0,1,8,0,0,0,0,0,0,0,0,0,0,0,0,0,0,0,0,0,3,0,0,0,0,0,0,0,0,0,0,0,0,17,0,0,0,19,0,0,25,0,0,0,0,0,0,0,0,0,0,20,170,0,0,0,0,0,0,0,0,0,0,0,0,0,0,0,0,0,2,0,3,0,0,0,0,0,0,0,0,0,0,0,0,0,0,0,0,0,0,0,0,0,0,0,2,0,0,0,0,0,0,0,0,0,0,0,0,0,0,0,0,4,0,0,0,2,0,0,1,0,0,0,0,0,0,0,0,0,0,0,2,5,0,0,0,5,0,0,3,0,0,0,0,0,0,0,0,0,0,0,0,0,0,0,0,0,0,0,0,0,0,0,0,0,0,0,0,0,0,0,0,0,0,0,7,0,0,0,0,0,0,0,0,0,0,0,0,0,0,0,0,35,0,0,0,17,0,0,4,0,0,0,0,0,0,0,0,0,0,0,2,0,0,0,0,0,0,0,0,0,0,0,0,0,0,0,0,0,0,0,0,0,0,0,1,0,0,2,0,0,0,0,0,0,1,0,0,0,0,0,0,0,0,0,0,0,0,0,0,0,0,0,0,0,0,0,0,0,0,0,0,0,0,2,0,0,0,0,0,0,0,0,0,0,0,0,0,0,0,0,0,5,0,0,0,6,0,0,1,7,0,0,0,0,0,0,0,0,0,0,57,0,0,0,3,0,0,5,0,0,0,0,0,0,0,0,1,0,0,0,0,0,0,1,0,0,0,0,0,0,0,0,0,0,0,0,0,0,0,0,0
1712761258.299995,0,0,0,0,0,1,0,0,0,0,0,0,0,0,0,0,0,0,2,62,3,0,2,0,5,0,0,9,0,0,4,0,1,0,0,0,0,0,25,115,0,0,3,0,0,0,0,0,0,0,0,0,0,1,0,0,0,0,0,0,0,0,0,0,0,0,0,0,0,0,0,0,0,0,0,0,0,0,0,0,13,1,2,0,14,0,0,22,0,0,0,0,0,0,0,0,0,0,19,167,0,0,0,0,0,0,0,0,0,0,0,0,0,0,0,0,0,0,0,4,0,0,3,0,0,0,4,0,0,0,0,0,0,0,0,0,0,0,0,0,0,0,0,11,0,0,0,0,0,0,2,0,0,0,0,0,0,0,0,0,0,0,0,0,1,0,0,0,0,0,0,0,0,0,0,0,0,0,0,0,3,0,3,0,4,0,0,3,0,0,0,0,0,0,0,0,0,0,0,1,0,0,0,0,0,0,0,0,0,0,0,0,0,0,0,0,0,0,0,0,0,0,0,0,0,0,0,0,0,0,0,0,0,0,0,0,0,0,0,0,30,0,21,0,11,0,0,5,0,0,0,0,0,0,0,0,0,0,0,3,0,0,0,0,0,1,0,0,0,0,0,0,0,0,0,0,0,0,0,0,0,0,1,0,0,0,0,0,0,0,0,0,0,0,0,0,0,0,0,0,0,0,0,0,0,0,0,0,0,0,0,0,0,0,0,0,2,0,0,0,0,1,0,0,0,0,0,2,0,0,0,0,0,0,0,0,0,0,0,0,5,0,3,0,5,0,0,1,0,3,0,0,0,0,0,0,0,0,0,58,0,0,0,0,2,0,0,0,0,0,0,0,0,0,0,0,0,0,0,0,0,0,0,0,0,0,0,0,0,0,0,0,0,0,0,0,0,0,0,0
1712761258.475188,0,0,0,0,1,0,0,1,0,0,0,0,0,0,0,0,0,0,4,64,2,0,0,0,7,0,0,10,0,0,0,0,0,0,0,0,0,0,25,114,0,0,0,0,0,0,0,0,0,0,0,0,0,0,0,0,0,0,0,0,0,0,0,0,0,0,0,0,0,0,0,0,0,0,0,0,0,0,0,0,14,0,1,0,15,0,0,25,0,0,0,0,0,0,0,0,0,0,19,168,2,0,0,0,0,0,0,0,0,0,0,0,0,0,0,0,0,0,0,5,0,0,0,0,0,0,0,0,0,0,0,0,0,0,0,0,0,0,0,0,0,0,0,0,1,0,0,3,0,0,0,0,0,0,0,0,0,0,0,0,0,0,0,0,0,0,0,0,0,0,0,0,0,0,0,0,0,0,0,0,4,0,0,0,3,0,0,2,0,0,0,0,0,0,0,0,0,0,0,0,0,0,0,0,0,0,0,0,0,0,0,0,0,0,0,1,0,0,0,0,0,0,0,0,0,0,0,0,0,0,0,0,0,0,0,0,0,0,0,0,37,0,12,0,17,0,0,6,3,0,0,0,0,0,0,0,0,0,0,3,0,0,0,0,0,0,0,0,0,0,0,0,0,0,0,0,0,0,0,0,0,0,0,0,0,0,0,0,0,0,2,0,0,0,0,0,0,0,0,0,0,0,0,0,0,0,0,0,0,0,0,0,0,0,4,0,0,0,0,0,0,0,0,0,0,0,0,0,0,0,0,0,0,0,0,0,0,0,0,0,0,0,2,0,6,0,0,1,0,0,0,0,0,0,0,0,0,0,0,57,0,1,2,0,1,0,0,0,0,0,0,0,0,0,0,0,0,0,0,0,0,4,3,0,0,0,0,0,0,0,0,0,0,0,0,0,0,0,0,0
1712761258.653803,1,0,0,0,1,0,0,0,0,0,0,0,0,0,0,0,0,0,15,64,8,0,0,0,6,0,0,10,0,0,0,0,0,0,0,0,0,0,27,114,0,0,0,0,0,0,0,0,0,0,0,0,0,0,0,0,0,0,0,0,0,0,0,0,0,0,0,0,0,0,0,0,0,0,0,0,0,0,0,0,14,1,4,0,15,0,0,24,2,0,0,0,0,0,0,0,0,0,19,167,0,0,0,0,0,0,0,0,2,0,0,0,0,0,0,0,0,0,0,4,0,0,0,0,0,0,0,0,0,0,0,0,0,0,0,0,0,0,0,0,0,0,0,0,0,4,0,0,0,0,0,0,0,0,0,0,0,0,0,0,4,0,2,0,2,0,0,1,0,0,1,0,0,0,0,0,0,0,0,5,0,0,0,0,1,0,0,0,0,1,0,0,0,0,0,1,0,0,0,0,0,0,0,1,0,0,0,0,0,0,0,0,0,0,0,0,0,0,0,0,0,0,0,0,0,0,0,0,0,0,0,0,0,0,0,0,0,0,0,0,42,0,3,0,19,0,0,7,0,0,0,0,3,0,0,0,0,0,0,3,0,0,16,0,1,0,0,0,0,0,0,0,0,0,0,0,0,0,0,0,0,0,0,0,0,0,0,0,0,0,0,0,0,0,0,0,0,0,0,0,0,0,0,0,0,0,0,0,0,0,0,0,0,0,0,0,0,0,0,0,0,0,0,0,0,0,0,0,1,0,0,0,0,0,0,0,0,0,0,0,6,0,0,0,6,0,0,0,0,0,0,0,0,0,0,0,0,0,0,58,0,0,0,0,0,0,0,0,0,0,0,0,0,0,0,0,0,0,0,0,0,0,0,5,0,0,0,0,0,0,0,0,0,0,0,0,0,0,0,0
1712761258.834069,3,0,1,0,0,0,0,2,0,0,0,0,0,0,0,0,0,0,4,73,7,0,0,0,4,5,0,10,0,0,0,0,0,0,0,0,0,0,25,109,0,0,0,0,1,2,0,1,0,0,0,0,0,0,0,0,0,0,0,0,0,0,0,0,0,0,0,0,0,0,0,0,0,0,0,0,0,0,0,0,11,4,0,0,17,0,0,23,1,0,0,0,0,0,0,0,0,0,19,166,0,0,0,0,0,0,0,0,0,0,0,0,0,0,0,2,0,0,0,4,0,0,0,0,0,0,1,0,0,0,0,0,0,0,0,0,0,0,0,0,0,0,0,0,0,0,0,0,0,0,0,0,0,0,0,0,0,0,0,0,0,1,0,0,1,17,0,0,0,0,0,0,0,0,0,0,0,0,0,2,0,0,0,0,0,0,0,0,0,0,0,0,0,0,0,0,0,0,0,0,0,0,0,0,0,0,0,0,0,0,0,2,0,0,0,0,1,0,0,0,0,0,0,0,0,0,0,0,0,0,0,0,0,0,0,0,0,0,0,0,44,0,0,0,22,0,0,7,0,0,0,0,0,0,0,0,0,0,0,3,0,0,0,0,0,0,0,0,0,0,0,0,0,0,0,0,0,0,0,0,0,0,0,0,0,0,0,0,0,0,0,6,0,0,0,0,0,0,0,0,0,2,0,0,0,0,0,0,0,0,0,0,0,0,0,0,0,0,0,0,0,0,0,0,0,0,0,0,10,0,0,0,0,0,0,0,0,0,0,0,7,0,0,7,8,0,0,1,0,0,0,0,0,0,0,0,0,0,0,59,1,0,0,0,4,0,0,0,0,0,0,0,0,0,0,0,0,0,0,0,0,1,0,0,0,0,0,0,0,0,0,0,0,0,0,0,0,0,0,0
1712761259.0195389,0,0,0,0,1,0,0,2,0,0,0,0,0,0,0,0,0,0,3,66,0,0,0,0,6,0,0,6,0,0,0,0,0,0,0,0,0,0,24,113,0,6,0,0,0,2,2,0,0,0,0,0,0,0,0,0,0,0,0,2,0,0,0,0,1,0,0,0,0,0,1,0,0,0,0,0,0,0,0,0,15,0,0,0,16,0,0,24,1,0,0,0,0,0,0,0,0,0,18,166,0,4,0,0,0,0,0,0,0,0,0,0,0,0,0,0,0,0,5,3,0,0,0,0,0,0,0,0,0,0,0,0,0,0,0,0,0,0,0,0,0,0,0,0,0,0,0,0,0,0,0,0,0,0,0,0,0,0,0,0,4,0,1,0,2,0,0,1,0,0,0,0,0,0,0,0,0,0,0,3,0,0,0,0,0,0,0,0,0,0,0,0,0,0,0,0,0,0,0,1,0,0,0,0,0,0,0,2,0,0,0,1,0,0,0,0,0,0,0,0,0,0,0,0,0,0,0,0,0,0,0,0,0,0,0,0,0,0,0,0,44,0,0,0,19,0,0,7,0,0,0,0,0,0,0,0,0,0,0,3,0,0,0,0,0,0,0,0,0,0,0,2,0,0,0,2,0,0,0,0,0,0,0,0,0,0,0,0,0,0,0,0,0,0,0,0,0,0,0,0,0,0,0,0,0,0,0,0,0,0,0,0,0,0,0,0,0,0,0,0,0,0,0,0,0,0,0,0,0,0,0,0,1,0,0,0,0,0,0,0,5,0,0,0,7,0,0,0,0,2,0,0,0,0,0,0,0,0,0,59,1,0,0,0,5,0,0,0,0,0,0,0,0,0,0,0,0,0,0,0,0,0,0,0,0,1,0,1,0,0,0,0,0,0,0,0,0,0,0,0
1712761259.285127,0,0,0,0,0,0,0,0,0,0,0,0,0,0,0,0,0,0,2,62,5,0,0,0,8,0,0,9,0,0,0,0,0,0,0,0,0,1,28,114,0,0,0,0,0,0,0,0,0,0,0,0,0,0,0,0,0,0,0,0,0,0,0,0,0,0,0,0,0,0,0,0,0,0,0,0,0,0,0,0,16,17,0,0,16,0,0,23,1,0,0,0,0,0,0,0,0,1,31,168,0,0,0,0,0,0,0,0,1,0,0,0,0,0,0,0,0,0,0,0,0,0,0,0,0,0,0,0,0,0,0,0,0,0,0,0,0,0,0,0,8,0,0,0,0,0,0,0,0,0,0,0,0,0,0,0,0,0,0,0,3,1,0,1,3,0,3,2,0,0,1,0,0,0,0,0,0,0,0,1,0,0,0,0,0,0,0,0,0,0,0,0,0,0,0,0,0,0,0,0,2,0,0,0,0,0,0,0,0,0,0,0,0,0,0,0,0,0,0,0,0,2,0,2,0,2,0,0,0,0,0,0,0,0,0,0,0,0,0,0,44,0,0,0,24,0,0,14,0,0,0,0,0,0,0,0,0,3,0,59,0,0,0,0,0,0,0,0,0,0,0,0,0,0,0,0,0,0,0,0,0,0,0,0,0,0,0,0,0,0,0,1,0,0,0,0,0,0,0,0,0,0,0,0,0,0,0,0,0,0,0,0,0,0,0,0,0,0,0,0,0,0,0,1,0,0,0,0,0,0,0,0,0,0,0,0,1,0,0,0,3,0,0,0,9,0,7,3,0,0,0,0,0,0,0,0,0,0,0,60,3,0,0,0,5,0,0,0,0,1,0,0,0,0,0,0,0,0,0,1,0,0,0,0,0,0,0,0,0,0,0,0,0,0,2,0,0,0,0,0
1712761259.462235,0,0,0,0,0,0,0,0,0,0,0,0,0,0,0,0,0,0,0,7,7,0,0,0,3,0,0,5,0,0,0,0,0,0,0,0,0,0,16,63,0,1,1,0,0,0,0,0,0,0,0,0,0,0,0,0,0,0,0,0,0,0,0,0,0,0,0,0,0,0,0,0,0,0,0,1,1,0,0,0,10,0,0,0,10,2,0,15,2,0,0,0,0,0,0,0,0,0,18,117,0,0,1,0,0,0,3,1,0,0,0,0,0,0,0,1,0,0,0,1,0,0,0,0,0,0,0,0,0,0,0,0,0,3,0,0,0,0,0,0,0,0,0,0,1,0,6,0,0,0,0,0,0,0,0,0,0,0,0,0,4,0,0,0,1,0,0,3,0,0,3,0,0,0,0,0,0,0,0,0,4,0,0,0,0,0,0,0,0,0,0,0,0,0,0,0,0,0,0,0,0,0,0,0,0,0,0,0,7,0,0,0,0,0,0,0,0,0,0,0,0,0,0,0,0,0,0,0,0,0,0,0,0,0,0,1,0,0,0,0,26,0,1,0,14,1,0,7,0,0,0,0,0,1,0,0,0,0,0,5,0,0,0,0,0,0,0,0,0,0,0,0,0,0,0,0,0,0,0,0,0,0,0,0,0,0,0,0,0,0,0,0,0,0,5,2,0,0,0,0,0,0,0,0,0,0,0,0,0,0,0,0,0,0,0,0,0,0,0,0,0,0,0,4,1,0,0,0,0,0,0,0,0,0,0,0,0,0,0,0,10,0,0,0,3,0,0,1,0,0,0,0,0,0,0,0,0,0,0,7,12,0,0,0,3,0,2,0,0,0,0,0,0,0,0,0,0,0,1,0,0,0,0,1,0,0,0,0,0,0,0,0,0,0,0,0,0,0,0,0
1712761259.618718,2,0,0,0,0,0,0,4,0,0,0,0,0,0,0,0,0,0,1,20,3,0,0,0,3,0,0,6,0,0,0,0,0,0,0,0,0,0,16,59,0,0,0,0,0,0,0,0,0,0,0,0,0,0,0,0,0,0,0,0,0,0,0,0,0,0,0,0,0,0,0,0,2,0,0,0,0,0,0,0,9,0,0,0,9,0,0,13,0,0,0,0,0,0,0,5,0,0,20,113,1,0,0,0,0,0,0,0,0,0,0,0,0,0,0,0,0,0,0,3,0,0,0,0,0,0,0,0,0,0,0,0,0,0,0,0,0,0,0,0,0,0,0,0,0,0,0,0,0,0,0,0,0,0,0,0,0,0,0,0,1,0,0,0,1,0,0,1,0,0,0,0,0,0,0,0,0,0,0,0,0,0,1,0,0,0,0,0,0,0,0,0,0,0,0,0,0,0,0,0,0,0,0,0,0,0,0,0,0,0,0,0,0,3,0,0,0,0,0,0,0,0,0,0,0,0,0,0,0,0,0,0,0,0,0,0,0,0,0,0,52,0,0,0,32,1,0,16,0,0,0,0,0,0,0,0,0,0,0,8,0,0,0,0,0,0,0,0,0,0,0,0,0,0,0,0,0,0,0,0,0,0,0,0,0,0,0,0,1,0,0,0,0,0,0,0,0,0,0,0,0,0,0,0,0,4,0,0,0,0,0,0,0,0,0,0,0,0,0,0,0,0,2,0,0,0,0,0,0,0,0,0,0,0,0,0,0,0,0,0,11,0,0,0,16,0,0,0,0,0,0,0,0,0,0,0,0,0,0,5,5,5,0,0,6,0,0,0,0,0,0,0,0,0,0,0,0,0,0,0,0,0,0,0,0,4,0,0,0,0,0,0,0,0,0,0,0,0,0,0
1712761259.785315,21,0,2,0,10,1,0,15,0,0,0,0,0,0,0,0,0,0,1,22,1,0,1,0,4,3,0,5,0,0,0,0,0,0,0,0,0,0,17,63,0,0,0,0,0,0,0,0,0,0,0,0,0,0,0,0,0,0,0,0,0,0,0,0,0,1,0,0,0,0,0,0,0,0,0,0,0,0,0,0,8,0,3,0,22,1,0,14,0,8,0,0,0,0,0,0,0,0,18,115,0,0,0,0,0,0,0,0,0,0,0,0,0,0,0,0,0,0,0,2,0,0,0,0,0,0,0,0,0,0,0,0,0,0,0,0,0,0,0,0,0,0,0,0,0,0,0,0,0,0,0,0,0,0,0,0,0,0,0,0,1,0,0,0,1,0,0,3,0,0,0,0,0,0,1,0,0,0,0,0,3,0,0,0,4,0,0,2,0,0,0,0,0,0,0,0,0,0,0,1,0,0,0,0,0,0,0,0,0,0,0,0,0,0,0,0,0,0,0,0,0,0,0,0,0,0,0,0,0,0,0,0,0,0,0,0,0,0,0,1,29,0,13,0,17,2,0,10,0,0,0,0,0,0,0,0,0,0,0,6,0,1,0,0,0,0,0,0,0,0,0,0,0,0,0,0,0,0,0,0,0,0,0,2,0,0,0,0,0,0,0,0,0,0,0,0,0,0,0,0,1,0,0,0,0,0,1,0,2,0,0,0,0,0,0,0,0,0,0,0,0,6,0,0,0,0,1,0,0,0,0,1,0,0,0,0,0,0,0,0,8,0,1,0,3,0,0,1,0,0,0,0,0,0,0,0,0,0,0,5,4,0,0,0,3,0,0,0,0,0,0,0,0,0,0,0,0,0,0,0,0,0,0,0,0,0,0,0,0,0,0,0,0,0,0,0,0,0,5,0
1712761259.9586859,22,0,0,3,8,0,0,12,0,0,0,0,0,0,0,0,0,1,3,23,2,0,1,0,3,0,0,5,0,0,2,1,0,0,0,0,0,0,15,63,0,0,0,0,0,0,0,0,0,0,0,0,0,0,0,0,0,0,0,0,0,0,0,0,0,0,0,0,0,0,0,1,0,0,0,0,0,0,0,0,7,0,3,1,8,1,0,13,0,1,0,0,0,0,0,0,0,0,19,115,0,0,0,0,0,0,0,0,0,0,0,0,0,0,0,0,0,0,0,2,0,0,0,4,0,0,0,0,0,0,10,0,0,0,0,1,4,0,0,0,0,4,0,0,0,9,0,0,0,0,0,0,0,0,0,8,0,0,0,0,1,0,0,0,0,0,0,0,0,1,0,0,0,0,0,0,0,0,0,0,2,0,0,0,2,0,0,0,0,0,0,0,0,0,0,0,0,0,0,2,0,0,0,0,0,0,0,0,1,0,0,0,0,0,0,0,0,0,0,0,0,0,0,0,0,0,4,0,0,0,0,0,0,0,0,0,0,0,0,0,26,0,13,0,11,2,0,8,1,0,0,0,0,0,0,0,0,0,0,5,0,0,0,0,0,0,0,0,0,0,3,0,0,0,0,0,0,0,0,0,0,0,0,0,0,0,0,0,0,0,0,0,0,0,0,0,0,0,0,0,0,0,0,0,0,0,0,0,0,0,0,0,0,0,0,0,0,0,0,0,0,0,0,0,0,0,0,0,0,0,0,0,0,1,0,2,0,0,0,0,6,0,2,0,3,0,0,0,0,0,0,0,0,0,1,0,0,0,0,5,0,0,1,0,0,0,0,1,0,0,0,0,0,0,0,0,0,0,0,0,0,0,0,0,0,0,0,0,0,0,0,0,0,0,0,0,0,0,0,0
1712761260.146352,25,0,4,0,5,3,0,16,0,0,0,0,0,0,0,0,0,0,3,27,3,0,0,0,2,1,0,5,0,0,0,0,0,0,0,0,0,0,17,62,0,0,0,0,0,0,0,0,0,0,0,0,0,0,0,0,0,0,0,0,0,0,0,0,0,0,0,0,0,0,0,0,0,0,0,0,0,0,0,0,7,6,4,0,8,3,0,13,0,0,0,0,0,0,0,0,0,0,19,115,0,0,0,0,0,0,0,1,0,0,0,0,0,0,0,0,0,0,0,2,0,0,0,0,0,0,0,0,6,0,0,0,0,0,0,0,0,0,0,0,0,0,0,0,0,9,0,0,0,0,0,0,0,0,0,0,0,0,0,0,0,0,0,0,1,0,0,0,0,0,0,0,0,0,0,0,0,0,0,0,0,0,0,0,0,0,0,0,0,0,0,0,0,0,0,0,0,0,0,0,0,0,0,0,0,0,0,0,0,1,0,11,0,0,0,0,0,1,0,0,0,0,0,0,0,0,0,0,0,0,0,0,0,0,0,0,0,0,0,0,29,0,14,0,16,6,0,8,1,0,0,0,0,0,0,0,0,0,0,5,0,0,0,0,3,0,0,0,0,0,0,0,0,0,0,5,0,0,0,0,0,0,0,0,0,0,0,0,0,0,0,0,0,0,0,0,0,0,0,1,0,0,0,0,3,0,0,0,0,0,0,0,0,0,0,0,0,0,0,0,0,0,0,0,0,0,0,0,0,0,0,0,0,0,0,0,0,0,0,0,8,0,2,0,3,0,0,1,0,0,0,0,0,0,0,0,0,0,0,5,4,0,0,0,6,0,0,0,0,0,0,0,0,0,0,0,0,0,0,0,2,0,1,0,0,0,0,3,0,0,0,1,0,0,0,0,0,0,1,4
1712761260.3156638,23,0,7,0,9,1,0,13,0,0,0,0,0,0,3,0,0,0,4,28,1,0,1,0,2,0,0,5,0,0,0,0,0,0,0,0,0,0,16,61,0,0,0,0,0,0,0,0,0,0,0,0,0,0,0,0,0,0,0,0,0,0,0,0,0,0,0,0,0,0,0,0,0,0,0,0,0,0,0,0,8,0,4,0,9,1,0,12,0,0,7,0,0,0,0,0,0,0,18,115,0,0,0,0,0,0,0,0,0,0,0,0,0,0,0,0,0,0,0,2,1,0,0,0,0,0,0,0,4,0,0,0,0,0,0,0,0,0,0,0,0,0,0,0,0,0,0,0,0,0,0,0,0,0,0,0,0,0,0,0,1,0,0,6,0,0,0,0,0,0,0,0,0,0,0,0,0,0,0,0,0,0,0,0,0,0,0,0,0,0,0,0,0,0,0,0,0,0,0,0,0,0,0,0,0,0,0,0,0,0,0,0,0,0,0,0,0,0,0,0,0,0,0,0,0,0,0,0,0,0,0,0,0,0,0,0,0,0,0,1,30,0,15,0,15,3,0,7,1,0,0,0,0,0,0,0,0,0,0,5,0,0,0,0,0,0,0,0,0,0,0,0,0,0,0,0,0,0,0,0,0,0,0,0,0,0,0,0,0,0,0,0,0,0,0,0,0,0,0,0,0,1,0,0,0,0,2,0,0,1,1,0,0,0,0,0,0,0,0,0,0,0,0,0,0,0,0,0,0,0,0,0,0,0,0,0,0,0,0,0,9,0,2,0,3,0,0,1,0,0,0,0,0,0,0,0,0,0,0,5,1,0,1,0,6,0,5,2,0,0,0,0,0,0,0,0,0,0,0,0,10,0,3,0,13,1,0,12,0,0,0,0,0,0,0,0,0,0,0,20
1712761260.512178,30,0,4,0,12,2,0,18,0,0,0,0,0,0,0,0,0,0,4,30,1,0,1,0,2,0,0,5,0,0,0,0,0,0,0,0,0,0,16,62,0,0,0,0,0,2,0,0,0,0,0,0,0,0,0,0,0,0,0,0,0,1,0,0,0,0,0,0,0,0,0,0,0,0,0,0,0,0,0,0,5,0,3,0,5,0,0,12,2,0,0,0,0,0,0,4,0,0,18,115,0,7,0,0,0,0,0,0,0,1,0,0,0,0,0,0,0,0,0,1,0,1,0,0,1,0,0,0,0,0,0,0,0,0,0,0,0,0,0,0,0,0,0,0,0,0,0,0,0,2,0,0,0,0,0,0,0,0,0,0,1,0,0,0,10,0,0,1,1,1,0,0,0,0,0,0,0,0,0,0,0,0,0,10,1,0,0,0,0,0,0,0,0,0,0,0,0,0,0,0,0,0,0,0,0,0,0,0,0,0,0,0,0,0,0,0,0,0,0,0,7,0,0,0,0,0,0,0,0,0,0,0,0,0,0,0,0,0,0,0,26,0,12,0,15,3,0,7,1,3,0,0,0,0,0,0,0,0,1,4,0,0,0,0,0,0,0,2,0,0,0,0,0,0,0,0,0,0,0,1,0,8,0,0,0,0,0,0,0,0,0,0,0,0,0,0,0,0,0,0,0,0,0,0,0,0,0,0,0,0,0,0,0,0,0,0,0,0,0,0,0,0,0,0,0,0,0,0,0,0,0,0,0,0,0,0,0,0,0,0,9,0,1,2,3,1,0,1,0,0,0,0,0,0,0,0,1,0,0,5,4,0,1,0,1,0,0,0,0,0,0,0,0,0,0,0,0,0,0,0,16,0,6,2,29,5,0,16,11,0,0,0,0,0,0,0,0,0,1,22
1712761260.711301,33,0,6,5,9,2,0,18,2,0,1,0,0,0,0,0,0,0,4,31,2,0,1,0,1,0,0,5,2,0,0,0,0,0,0,0,0,0,16,61,0,0,0,0,0,0,0,0,0,0,0,0,0,0,0,0,0,0,0,0,0,0,0,0,0,0,0,0,0,0,0,0,0,1,1,0,0,0,0,0,5,0,2,4,5,1,0,12,5,0,0,0,0,0,0,0,0,0,18,115,0,0,0,0,0,0,0,0,0,0,0,0,0,0,0,0,0,0,0,2,0,0,0,0,2,0,0,0,0,0,0,0,0,0,0,0,2,0,1,0,0,0,0,0,0,0,0,0,0,0,0,0,0,0,0,0,0,0,0,0,1,0,0,0,0,0,0,0,0,0,0,0,0,0,0,0,0,0,0,2,0,0,0,0,0,0,1,0,0,0,0,0,0,0,0,0,0,0,0,0,3,0,1,0,0,0,0,3,0,0,0,0,0,0,0,0,0,0,0,0,0,0,0,0,0,0,0,0,0,2,0,0,0,1,0,0,0,0,0,0,24,0,13,10,13,5,0,5,2,0,0,0,0,0,0,0,0,0,0,4,1,0,0,0,0,0,0,0,0,0,0,0,0,0,0,0,0,0,0,0,0,0,0,0,0,1,0,0,0,0,0,0,0,0,0,0,0,0,0,0,0,0,0,0,0,0,0,0,0,0,0,0,0,0,0,0,0,0,0,0,0,0,1,0,0,0,0,0,0,0,0,0,0,0,0,0,2,0,0,0,4,0,1,1,1,1,0,0,0,0,0,0,0,0,0,0,0,9,0,5,1,0,0,1,0,1,0,0,0,0,0,0,0,0,0,0,0,0,0,0,18,0,6,10,30,6,0,20,9,0,0,0,0,0,0,0,0,0,2,29
1712761260.8994172,27,0,1,5,9,2,0,20,2,0,0,0,2,0,1,0,0,0,5,36,0,0,1,1,5,0,0,4,1,0,0,0,0,0,0,1,0,0,16,58,0,0,2,0,0,0,0,0,0,0,1,0,0,0,0,0,0,0,0,0,0,0,0,17,3,0,0,0,0,1,0,0,0,0,0,0,0,0,0,0,4,0,2,4,5,1,0,12,0,1,0,0,5,0,0,0,0,0,18,113,0,0,0,0,0,0,0,0,0,0,0,0,0,0,0,0,0,0,0,2,0,0,0,0,0,0,0,0,0,0,0,0,0,0,0,0,0,0,0,0,0,0,0,0,0,0,0,0,0,0,0,0,0,0,0,0,0,0,0,0,0,0,0,0,0,0,0,0,0,0,0,0,0,0,0,0,0,0,0,0,0,0,0,0,0,0,0,0,0,0,0,0,0,0,0,0,0,0,0,0,0,0,0,0,0,0,0,0,0,0,0,0,0,0,1,0,0,0,0,0,1,0,0,0,0,0,8,0,0,0,0,0,0,0,0,0,0,0,0,0,29,1,15,22,11,5,0,7,0,0,0,0,0,0,0,0,0,0,0,3,0,0,0,0,0,0,0,0,0,0,0,0,0,0,0,0,0,0,0,0,0,0,0,0,0,0,3,0,0,0,0,0,0,0,0,0,0,0,0,0,0,0,0,1,0,0,0,0,1,0,0,0,0,0,0,0,0,0,0,0,0,0,0,0,0,0,0,0,0,0,0,0,0,0,0,0,0,0,0,0,7,0,1,0,2,0,0,0,0,0,0,0,0,0,0,0,0,0,0,5,0,1,1,2,1,0,0,0,0,0,0,0,0,0,0,0,0,0,0,0,14,0,7,12,25,5,0,16,8,0,0,0,0,0,0,0,0,0,1,26
1712761261.077678,42,0,11,9,13,6,0,30,0,0,1,0,0,0,0,0,0,0,5,41,1,0,0,2,1,0,0,4,0,0,0,0,0,0,0,0,0,0,16,59,0,0,15,0,2,0,0,0,0,0,0,0,0,0,0,0,0,0,0,0,0,0,0,0,0,0,0,0,0,0,0,0,0,0,0,0,0,1,0,0,4,0,2,4,5,2,0,9,3,0,0,0,0,0,0,0,0,0,19,114,0,0,0,0,0,0,1,0,0,0,0,0,0,0,0,0,0,0,0,3,0,0,0,0,0,2,0,0,0,0,0,0,2,0,0,0,0,0,0,0,0,0,0,0,0,0,0,0,0,0,0,0,0,0,0,0,0,0,0,0,0,0,0,0,0,0,5,0,0,0,0,0,0,0,0,0,0,0,0,0,1,0,0,0,1,0,0,1,0,0,0,0,0,0,0,0,0,0,0,1,0,0,0,0,0,0,0,0,0,1,0,0,0,0,0,0,0,0,0,0,0,0,0,0,0,0,0,0,0,0,0,0,0,0,0,0,0,0,0,0,25,0,13,14,12,2,0,6,0,0,0,0,0,0,0,0,0,0,0,3,0,0,0,0,0,0,0,0,0,0,0,0,0,0,0,1,0,0,0,0,0,0,0,0,1,0,0,0,0,0,0,0,0,0,0,0,0,0,0,0,0,0,0,0,0,0,0,0,0,0,0,0,0,0,0,0,0,0,0,0,0,0,0,0,0,2,0,0,0,0,2,0,0,0,0,0,0,1,1,0,7,9,1,5,3,0,0,5,0,1,0,0,0,0,0,0,0,0,0,9,5,4,0,2,1,0,0,0,0,0,0,0,0,0,0,0,0,0,0,0,10,0,3,11,18,3,0,6,0,0,0,0,0,0,0,0,0,0,1,17
1712761261.247055,65,1,9,0,28,0,0,34,0,0,0,0,0,0,0,0,0,0,0,24,2,0,1,0,1,0,1,5,0,0,0,0,0,0,0,0,0,0,0,78,0,0,0,0,0,0,0,0,0,0,0,0,0,0,0,0,0,1,0,0,0,1,0,0,11,0,0,0,0,0,0,0,0,0,0,3,0,0,0,0,5,0,0,0,7,0,0,12,0,0,0,1,1,0,0,0,0,2,18,117,0,0,0,0,0,0,0,0,0,0,0,0,0,0,0,0,0,0,0,0,28,1,0,0,2,0,0,3,0,0,0,0,0,0,0,0,0,0,0,0,0,0,0,0,0,0,0,0,0,0,0,0,0,0,0,0,0,0,0,0,99,0,0,0,61,4,0,36,0,0,0,0,0,0,0,0,0,0,0,16,1,0,0,0,2,0,0,1,0,0,0,0,0,0,0,0,0,0,0,1,0,0,0,0,0,0,0,0,0,0,0,0,0,0,0,0,0,0,0,0,0,0,0,0,0,0,0,0,0,0,0,0,3,0,0,0,0,0,0,0,51,0,0,1,52,1,2,10,0,0,0,0,1,0,0,0,0,0,0,7,0,0,0,0,0,0,0,0,0,0,0,0,0,0,0,0,0,0,0,0,0,0,0,0,0,0,0,0,0,0,0,0,0,0,0,0,0,0,0,0,0,0,0,0,0,0,0,0,0,0,0,0,0,0,0,0,0,0,0,0,0,0,0,0,4,0,0,0,0,0,0,0,0,0,0,0,0,0,0,0,1,0,0,0,0,0,0,1,0,0,0,0,0,0,0,0,0,0,0,5,1,1,0,7,11,0,0,0,0,0,0,0,0,0,0,0,0,0,0,0,0,0,0,0,0,0,0,0,0,0,0,0,0,0,0,0,0,0,0,0
1712761261.436569,70,3,0,4,13,1,0,26,0,0,0,0,0,0,0,1,0,0,3,21,0,2,0,0,3,0,0,4,0,0,0,0,0,0,0,0,0,3,16,61,68,1,0,0,3,3,0,4,0,4,0,0,0,0,0,1,0,0,0,1,0,0,0,0,0,0,0,0,0,0,0,0,0,0,0,0,0,0,0,0,1,0,0,0,7,1,0,9,0,2,0,0,0,0,0,0,0,2,19,114,59,9,0,0,2,0,0,2,0,0,0,0,0,0,0,0,0,0,0,0,83,33,0,3,15,3,0,0,0,0,0,0,0,0,0,0,0,0,0,3,71,40,0,3,19,3,0,0,0,0,0,0,0,0,0,0,0,0,0,7,79,47,0,39,20,3,0,0,0,0,0,0,0,0,0,0,0,0,0,13,0,0,0,2,0,0,0,0,0,0,0,0,0,0,0,0,0,0,0,0,0,0,0,0,0,0,0,0,0,0,1,0,0,0,0,0,0,0,0,0,0,0,0,0,0,0,0,0,0,0,0,0,0,0,0,0,0,0,0,0,1,2,0,6,1,1,0,0,0,0,0,0,0,0,0,0,0,0,0,2,1,0,0,0,0,0,8,0,0,0,0,0,0,0,0,0,0,0,0,0,0,0,0,0,0,0,0,0,0,0,0,0,0,0,0,0,0,0,0,0,0,0,0,0,0,0,0,0,0,0,0,0,0,0,0,0,0,0,0,0,0,0,0,0,0,0,0,1,0,0,0,0,0,0,0,0,0,0,0,0,64,5,0,4,16,0,0,0,0,0,0,0,0,0,0,0,0,0,0,9,1,1,0,0,2,0,0,0,9,0,0,0,0,0,0,0,0,0,1,12,0,0,0,0,1,0,0,0,0,0,0,0,0,0,0,0,0,0,0,2
1712761261.624456,61,58,0,0,38,0,0,0,0,0,0,0,0,0,0,0,0,0,0,7,1,5,0,0,2,0,0,0,0,0,0,0,0,0,0,0,0,3,0,95,0,0,0,0,0,0,1,0,0,0,0,0,0,0,0,0,0,0,0,0,1,1,0,0,0,1,0,0,0,0,0,0,0,0,0,0,0,0,0,0,2,1,0,0,5,0,0,0,0,0,0,0,0,0,0,0,0,2,0,157,88,118,2,2,71,0,0,7,0,0,0,0,0,0,0,0,0,0,0,51,94,113,1,1,55,0,0,1,0,0,0,0,0,0,0,0,0,0,0,21,73,92,2,10,60,3,0,0,0,0,0,0,0,0,0,0,0,0,0,16,57,61,1,0,43,1,0,0,0,0,0,0,0,0,0,0,0,0,0,4,1,1,0,0,2,0,0,0,0,0,0,0,0,0,0,0,0,0,0,1,0,0,0,0,0,1,0,0,0,0,0,0,0,0,0,0,0,0,0,0,0,0,0,0,0,0,0,0,0,0,0,0,0,0,0,0,0,0,0,0,0,0,0,0,0,0,0,0,4,0,0,0,0,0,0,0,0,0,0,0,0,0,0,0,0,0,0,0,0,0,0,0,0,0,0,0,0,0,0,0,0,0,0,0,0,0,0,0,0,0,0,0,0,0,0,0,0,0,0,0,57,5,0,1,55,0,0,1,0,0,0,0,0,0,0,0,0,0,0,64,0,0,0,0,0,0,0,0,0,0,0,0,0,0,0,0,0,0,0,0,66,64,0,5,67,2,0,0,0,0,0,0,0,0,0,0,0,0,0,5,1,3,0,0,48,0,0,0,0,0,0,0,0,0,0,0,0,0,0,25,0,0,0,0,0,0,0,0,0,0,0,0,0,0,0,0,0,0,0,0
1712761261.7831318,0,0,0,1,3,0,0,0,0,0,0,0,0,0,0,0,0,0,0,0,0,0,1,0,1,0,58,2,0,0,0,0,0,0,0,14,0,0,4,59,0,0,0,0,0,0,0,0,0,0,0,0,0,0,0,0,0,0,0,0,62,3,66,120,256,217,70,2,0,0,0,0,0,0,0,0,0,0,0,4,81,70,501,459,502,502,138,8,0,0,0,0,0,0,0,0,0,0,5,69,78,68,371,770,374,462,391,71,0,0,0,0,0,0,0,6,0,0,2,24,65,83,315,278,177,157,119,72,0,0,0,0,0,0,0,1,0,0,0,4,59,69,85,83,118,100,77,74,0,0,0,0,0,0,0,0,0,0,0,3,68,126,105,63,58,4,4,0,0,1,0,0,0,0,0,0,0,0,0,0,59,67,62,63,58,0,0,0,0,0,0,0,0,0,0,0,0,0,0,0,0,1,59,83,137,146,73,71,0,0,0,0,0,0,0,0,0,0,0,2,59,71,308,261,276,177,179,173,0,0,0,0,0,0,0,0,0,0,0,13,10,67,681,618,294,664,397,444,0,0,0,0,1,0,0,0,0,0,0,35,61,57,168,449,393,707,301,259,10,0,0,0,0,0,0,0,0,0,0,30,61,5,88,192,285,228,100,71,4,0,0,0,0,0,0,0,2,0,0,13,2,0,56,60,72,89,62,3,0,0,4,0,0,0,0,0,0,0,0,0,59,2,63,57,58,1,1,0,0,0,0,0,0,0,0,0,0,0,0,0,1,1,3,3,1,1,1,59,0,0,0,0,0,0,0,0,0,0,0,1,59,3,59,57,62,2,1,1,0,0,0,0,0,0,0,1,0,0,0,0,0,0,0,0,2,0,0,0,0,0,0,0,0,0,0,0,0,0,0,0
1712761261.98886,3,0,64,98,113,139,350,236,237,278,187,231,216,176,246,121,98,90,78,7,0,0,67,138,264,214,312,225,289,263,308,300,281,294,237,213,164,111,87,11,0,0,92,263,208,249,322,244,294,298,260,220,268,242,231,220,266,129,119,94,0,0,87,229,231,279,209,299,282,243,336,245,299,246,272,247,277,205,190,74,0,0,111,304,281,238,241,261,231,240,302,255,272,211,266,278,265,193,154,27,1,1,93,304,224,271,231,289,248,277,284,273,289,281,261,225,237,192,199,90,0,6,146,193,263,194,185,189,213,210,227,216,203,242,222,226,181,183,138,73,0,0,72,176,228,242,251,254,194,248,199,209,192,189,174,169,203,225,190,106,0,0,60,57,56,187,187,211,194,211,181,181,159,157,154,152,179,205,68,57,0,0,87,90,87,132,124,168,193,174,164,154,127,125,134,136,157,186,147,83,0,0,79,185,164,235,176,246,172,202,185,192,235,216,168,151,176,215,197,85,0,0,179,215,174,245,187,229,200,190,244,259,254,251,251,376,267,269,169,87,0,0,163,298,198,290,229,285,210,197,197,234,232,248,261,267,337,276,316,174,0,0,166,294,228,317,203,224,200,231,225,262,207,307,229,281,255,253,267,85,0,0,99,173,309,252,199,216,225,258,221,229,229,215,221,216,278,181,107,68,0,0,76,115,161,221,144,206,292,261,229,222,214,248,261,179,189,374,107,68,1,0,64,83,92,149,111,209,157,202,200,187,255,233,202,121,88,90,81,63,0,0,56,59,63,61,72,82,90,111,112,81,79,80,63,62,59,58,57,1,0,0,0,0,0,0,0,0,0,0,0,0,0,0,0,0,0,0,0,0,0,0,0,0,0,0,0,0,0,0,0,0,0,0,0,0,0,0,0,0
1712761262.1957839,0,0,128,81,92,125,389,190,189,255,116,255,163,125,153,84,71,66,62,3,0,0,79,181,312,182,356,333,204,255,264,325,285,294,241,189,146,113,86,35,0,2,103,353,247,272,373,305,358,304,256,202,242,261,230,211,241,105,112,72,0,2,201,285,307,332,218,246,322,229,278,254,313,228,288,291,254,202,128,70,0,1,356,345,337,261,215,295,203,289,350,279,282,238,306,297,269,198,258,53,0,2,208,413,255,283,302,295,217,268,295,283,337,274,254,272,298,254,187,159,0,11,259,223,258,209,190,166,164,259,174,179,153,229,174,217,226,231,246,110,0,15,83,136,215,247,252,194,124,189,240,155,135,183,153,217,274,280,329,166,0,3,57,64,73,63,192,168,147,161,202,2,3,151,140,179,255,209,62,57,0,9,65,77,89,93,131,141,170,134,164,92,115,120,127,141,235,138,244,79,0,3,73,166,132,255,173,248,192,142,165,176,205,211,164,169,187,229,209,94,0,33,155,211,166,203,118,262,184,181,338,198,241,320,260,457,293,275,261,172,0,15,202,302,211,319,221,235,237,231,186,222,257,250,278,281,313,254,300,140,0,4,151,328,254,345,209,248,207,307,210,288,224,305,256,289,246,254,201,79,0,10,104,195,358,366,203,239,239,235,245,211,228,233,249,218,347,218,105,69,0,5,77,154,194,276,176,285,393,303,299,289,229,342,291,164,175,345,94,68,0,0,64,79,138,196,118,291,233,292,236,190,274,196,263,114,81,92,73,62,0,0,5,59,70,63,90,102,129,125,103,104,88,76,61,59,56,57,4,1,0,0,0,0,0,1,0,0,0,0,0,0,0,0,0,0,0,0,0,0,0,0,0,0,0,0,0,0,0,0,0,0,0,0,0,0,0,0,0,0
1712761262.397863,0,0,60,73,81,103,264,207,185,241,129,273,164,122,179,109,83,73,66,9,0,0,72,120,252,148,334,284,201,244,276,305,259,282,233,203,193,126,94,28,0,0,93,276,254,268,410,287,296,265,252,216,192,237,213,204,216,124,122,91,0,0,148,274,320,332,209,260,294,237,322,250,351,242,281,235,224,187,125,78,0,0,298,311,336,247,186,295,208,285,324,246,301,216,240,295,295,209,230,185,2,0,194,443,278,271,299,324,290,274,302,306,273,293,265,252,264,276,202,216,0,0,88,221,209,176,161,173,147,174,199,170,154,196,211,215,207,228,237,136,0,0,70,103,216,247,246,140,139,164,140,151,99,163,143,203,344,248,319,237,0,4,4,61,73,60,58,59,149,152,3,2,1,148,142,168,286,237,101,82,0,70,70,94,99,87,86,109,159,140,109,78,77,135,140,133,228,228,339,135,0,12,68,160,150,264,198,260,201,140,126,129,153,123,211,215,196,202,298,145,0,38,99,177,153,248,161,270,171,170,270,282,300,257,286,461,293,321,375,320,0,25,125,274,169,283,174,242,204,269,216,220,244,319,320,361,306,284,350,252,1,0,145,356,254,371,215,248,249,254,155,249,295,323,352,261,244,291,259,178,0,0,122,270,317,370,233,253,216,239,255,233,240,231,241,200,317,218,192,150,1,0,76,153,176,259,177,263,380,361,295,302,246,339,285,205,202,293,104,86,0,0,62,80,172,190,122,272,226,259,248,193,237,211,241,138,96,100,79,76,0,0,56,61,75,78,84,118,146,126,94,118,112,95,73,64,60,59,56,4,0,0,0,0,0,0,0,0,0,0,0,0,0,0,0,0,0,0,0,0,0,0,0,0,2,0,0,2,0,0,0,0,0,0,0,0,0,0,0,0
1712761262.556809,0,0,58,73,85,112,326,222,194,246,129,236,203,155,179,179,114,77,73,68,1,0,62,109,248,131,320,293,212,238,260,296,278,274,216,185,176,133,108,48,0,0,66,218,267,272,404,278,343,263,246,223,214,215,210,185,189,130,128,96,0,0,94,247,315,327,193,272,279,244,320,244,313,227,283,214,203,192,168,98,0,0,211,358,320,228,196,257,235,263,339,236,254,198,225,305,267,216,250,114,0,0,149,391,204,290,244,271,235,174,279,265,294,322,268,260,254,261,241,213,0,0,109,201,216,213,163,159,195,159,176,159,149,161,209,206,219,246,229,207,0,0,75,98,139,214,231,158,141,234,152,151,146,175,203,198,434,228,310,246,0,0,57,61,69,64,183,168,193,189,157,137,132,171,186,96,71,120,120,81,0,0,67,101,90,87,134,178,246,143,163,123,119,167,170,185,294,315,317,144,0,0,64,147,130,215,195,219,171,228,179,204,218,224,189,222,213,226,315,216,0,0,81,174,138,162,172,260,185,183,287,259,305,270,317,415,303,312,349,294,0,0,92,238,159,255,237,253,216,260,205,209,280,281,315,348,283,297,327,285,0,0,94,338,237,386,172,257,213,298,190,285,252,309,317,268,247,250,248,179,0,0,89,199,278,307,202,206,203,244,228,222,230,235,278,207,315,220,200,202,0,0,73,120,166,263,157,248,319,306,281,320,259,302,259,196,199,289,156,105,0,0,60,81,114,196,123,252,220,274,248,222,243,224,251,150,99,101,85,77,0,0,58,62,64,66,86,111,129,111,123,181,119,112,88,77,66,61,62,7,0,0,0,0,0,0,0,0,0,0,0,3,61,3,0,0,0,0,0,0,0,0,0,0,0,0,0,0,0,0,0,0,0,0,0,0,0,0,0,0
1712761262.72513,0,0,56,73,82,99,318,200,155,244,133,229,192,148,158,161,87,75,72,68,0,0,64,106,254,170,329,315,220,233,257,285,261,255,208,177,175,120,93,52,0,0,72,265,280,289,407,281,353,250,259,223,192,199,203,185,189,131,130,95,0,0,112,262,320,330,239,313,280,240,330,254,298,229,272,208,196,188,168,89,0,0,162,389,312,263,235,280,247,272,335,239,246,189,219,290,263,212,263,109,0,0,112,373,198,309,246,302,264,202,291,259,322,305,250,246,256,259,246,211,0,0,96,202,208,229,175,183,247,176,186,170,176,162,212,209,214,244,241,185,0,0,75,101,150,209,200,163,156,176,151,151,170,171,213,205,434,232,296,250,0,0,56,64,73,73,60,169,186,164,148,145,144,172,203,197,345,261,114,75,0,0,59,86,86,96,103,176,216,153,144,139,119,174,194,190,256,289,279,132,0,0,61,149,129,187,161,211,233,244,178,189,202,231,192,226,233,230,293,198,0,0,62,137,150,182,176,198,157,179,260,278,315,278,306,417,317,332,352,296,0,0,73,165,156,256,238,243,225,221,230,228,221,292,326,351,291,294,345,289,0,0,87,232,203,328,173,220,218,319,201,261,258,324,338,292,251,253,267,172,0,0,58,118,279,268,181,210,167,229,223,250,260,256,274,209,318,215,207,201,0,0,57,103,142,255,150,214,242,298,264,300,271,345,273,190,196,304,115,94,0,0,3,77,89,151,115,219,200,262,258,237,287,211,237,172,102,102,85,79,0,0,0,58,59,60,64,92,101,112,107,118,118,116,80,67,62,59,57,5,0,0,0,0,0,0,0,0,0,0,0,3,58,3,0,0,0,0,0,0,0,0,0,0,0,0,0,0,0,0,0,0,0,0,0,0,0,0,0,0
1712761262.9314198,1,0,5,73,77,87,294,220,194,239,138,228,183,145,159,138,83,75,74,67,0,0,61,103,233,157,309,304,238,242,261,269,262,250,208,165,177,120,96,50,0,3,68,256,271,284,411,272,327,248,253,211,207,198,201,188,190,133,153,96,0,0,86,273,288,317,219,274,323,233,319,241,294,232,278,219,201,189,160,89,0,0,159,345,280,263,207,245,216,262,292,233,244,187,220,302,261,218,275,99,0,0,110,430,230,275,241,289,248,255,257,231,294,278,263,231,253,245,241,202,0,0,94,195,218,190,190,179,150,176,198,170,167,177,222,220,222,241,240,183,0,0,66,128,290,258,205,203,129,153,158,170,141,170,219,217,373,222,271,246,0,0,78,83,86,72,166,178,148,148,155,146,62,161,191,198,99,114,123,86,0,0,64,96,90,90,127,154,168,142,151,124,104,153,164,179,289,298,300,133,0,0,73,208,165,231,183,215,201,218,168,225,189,202,176,197,226,231,268,189,0,0,91,164,150,212,160,222,183,218,261,295,272,230,271,368,322,348,324,274,0,0,97,202,150,219,210,241,259,248,194,207,266,264,309,345,284,291,343,281,0,0,105,213,241,314,174,237,216,278,198,274,265,354,319,292,233,238,255,164,0,2,107,168,263,276,185,211,193,233,246,251,271,281,263,207,293,202,196,191,0,0,77,112,148,220,159,221,261,318,305,284,266,335,268,204,183,297,118,94,0,0,66,86,103,151,130,220,200,247,291,261,288,237,236,170,105,107,90,83,0,0,57,64,64,70,90,103,125,129,137,181,124,140,102,75,65,64,64,9,0,0,0,0,0,57,0,4,0,2,1,3,77,4,0,1,0,0,0,0,0,0,0,0,0,0,0,0,0,0,0,0,0,0,0,0,0,0,0,0
1712761263.111949,0,0,72,87,97,129,364,224,222,255,142,218,181,153,161,166,91,79,76,68,0,0,86,176,300,180,321,306,236,216,247,256,268,256,217,164,174,109,93,46,0,0,120,351,244,267,365,252,295,236,244,209,209,205,207,194,190,135,144,97,0,0,194,267,268,308,224,272,309,223,326,233,270,235,280,227,203,186,164,86,0,0,351,335,292,257,209,249,209,249,293,224,237,185,224,310,278,205,284,91,0,2,213,375,223,258,242,287,278,250,241,231,285,255,259,250,265,252,243,181,0,0,244,226,241,185,206,198,164,168,185,168,144,179,241,238,243,245,248,174,0,0,86,155,273,275,205,190,135,167,151,163,151,159,239,222,375,241,287,229,0,0,60,70,79,66,164,175,146,154,148,57,59,150,214,195,103,102,127,89,0,0,72,111,94,90,125,159,159,142,146,105,93,140,189,169,311,252,282,103,0,0,86,208,176,275,201,193,209,205,177,230,201,176,193,202,233,245,216,160,0,0,112,151,176,213,135,200,176,220,273,293,273,217,249,389,309,335,296,281,0,0,177,228,155,243,222,249,259,225,189,209,257,275,224,313,245,288,315,289,0,0,157,222,240,326,190,253,225,316,202,285,285,345,289,248,202,233,242,150,0,0,122,225,287,282,195,225,203,255,235,257,299,270,276,216,235,195,172,147,0,0,85,157,174,231,166,224,281,333,302,294,271,358,278,185,189,260,103,85,0,0,73,88,129,172,129,253,220,272,301,255,269,241,186,137,94,110,86,78,0,0,60,66,77,91,93,114,132,129,141,173,117,121,82,71,66,64,62,7,0,0,0,2,0,0,0,0,0,0,0,0,0,0,0,0,0,0,0,0,0,0,0,0,0,0,0,0,0,0,0,0,0,0,0,0,0,0,0,0
1712761263.31198,0,0,90,93,102,156,416,257,256,306,156,269,211,157,169,146,91,79,74,68,1,0,96,199,309,202,361,334,257,250,279,294,302,269,224,157,183,109,92,53,0,0,192,337,255,297,423,268,314,249,259,227,248,244,223,197,181,133,135,92,0,0,173,270,244,268,180,323,317,218,367,276,296,224,316,236,206,216,186,84,0,0,387,310,297,254,196,260,218,269,283,238,283,205,251,328,285,214,296,68,0,0,174,354,244,268,187,231,252,310,250,244,265,336,288,268,302,287,324,205,0,0,234,220,208,197,183,171,211,170,166,176,177,208,240,259,276,237,270,166,0,0,87,138,212,206,229,155,144,180,122,134,103,164,255,283,437,232,272,205,0,0,68,86,75,72,62,57,133,153,134,56,4,155,62,88,125,101,93,66,0,0,72,106,81,85,86,115,122,127,146,94,82,147,229,194,367,291,294,106,0,0,85,220,150,206,187,200,168,173,169,179,177,178,172,176,231,250,241,217,0,0,141,189,166,168,157,243,171,183,246,291,287,267,276,352,285,307,258,341,0,0,202,231,159,202,179,272,248,293,202,209,261,258,241,338,229,261,238,286,0,0,144,262,280,331,191,210,205,222,197,267,244,332,300,261,204,257,239,142,0,0,139,266,357,321,203,200,174,234,216,226,265,257,254,220,238,187,172,98,0,0,88,200,183,278,177,254,314,388,282,255,220,250,253,161,176,268,107,92,0,0,75,99,184,211,136,282,230,288,263,236,268,234,215,112,90,109,84,75,0,0,60,66,76,96,102,121,140,130,138,188,118,130,77,68,62,62,60,5,0,0,0,0,0,5,1,0,0,0,0,0,0,0,0,0,0,0,0,0,0,0,0,0,0,0,0,0,0,0,0,0,0,0,0,0,0,0,0,0
1712761263.5039968,0,0,90,94,103,149,408,247,255,292,150,254,198,138,162,139,89,78,75,68,0,2,99,206,311,187,343,318,250,233,281,292,276,262,210,157,170,111,92,47,0,0,179,334,250,283,402,262,292,224,237,228,236,224,216,194,173,135,127,93,0,0,239,254,219,276,185,298,316,214,379,248,295,204,275,227,203,209,197,86,0,0,408,319,278,255,202,255,213,250,286,237,270,196,239,293,268,203,289,81,0,0,207,348,250,270,230,242,280,285,241,265,294,298,256,237,272,260,291,191,0,2,255,213,221,190,176,177,196,169,180,168,159,202,226,260,270,234,255,163,0,0,98,161,258,223,212,179,157,176,171,146,114,170,261,280,410,227,243,201,0,0,71,153,71,68,64,161,143,153,172,132,57,155,64,84,136,114,96,71,0,0,101,144,88,85,98,144,129,132,172,118,111,140,232,207,363,285,290,108,0,0,98,219,160,260,213,236,158,194,161,142,185,169,200,235,206,255,259,221,0,0,207,192,173,204,148,213,187,174,275,299,248,324,248,351,284,312,262,334,0,1,278,235,160,215,189,267,228,271,200,195,281,251,274,324,255,249,267,280,0,0,150,203,248,362,197,239,207,239,188,272,267,350,310,265,211,243,241,146,0,0,118,246,330,286,197,202,213,233,231,218,248,206,256,222,244,200,174,116,0,0,90,194,176,254,171,234,281,367,284,300,230,270,259,176,181,255,115,93,0,1,80,104,181,197,133,257,216,282,258,262,270,250,202,135,94,111,86,78,0,0,62,68,77,98,103,114,134,145,138,187,127,135,90,72,65,65,64,64,0,0,0,0,0,0,0,0,0,0,0,0,0,0,0,0,0,0,0,0,0,0,0,0,0,0,0,0,0,0,0,0,0,0,0,0,0,0,0,0
